אב;אֵב
אב;אַב
אב;אָב
אבגתא;אֲבַגְתָא
אבד;אבד
אבד;אֹבֵד
אבדה;אֲבֵדָה
אבדה;אֲבַדֹּה
אבדון;אֲבַדֹּון
אבדן;אַבְדָן
אבדן;אָבְדָן
אבה;אבה
אבה;אֵבֶה
אבוי;אֲבֹוי
אבוס;אֵבוּס
אבחה;אִבְחָה
אבטיח;אֲבַטִּיחַ
אבי;אֲבִי
אבי;אָבִי
אבי העזרי;אֲבִי הָעֶזְרִי
אבי עלבון;אֲבִי־עַלְבֹון
אביאל;אֲבִיאֵל
אביאסף;אֲבִיאָסָף
אביב;אָבִיב
אביגיל;אֲבִיגַיִל
אבידן;אֲבִידָן
אבידע;אֲבִידָע
אביה;אֲבִיָּה
אביהוא;אֲבִיהוּא
אביהוד;אֲבִיהוּד
אביהיל;אֲבִיהַיִל
אביון;אֶבְיֹון
אביונה;אֲבִיֹּונָה
אביחיל;אֲבִיחַיִל
אביטוב;אֲבִיטוּב
אביטל;אֲבִיטַל
אבים;אֲבִיָּם
אבימאל;אֲבִימָאֵל
אבימלך;אֲבִימֶלֶךְ
אבינדב;אֲבִינָדָב
אבינעם;אֲבִינֹעַם
אביסף;אֶבְיָסָף
אביעד;אֲבִיעַד
אביעזר;אֲבִיעֶזֶר
אביר;אַבִּיר
אביר;אָבִיר
אבירם;אֲבִירָם
אבישׁג;אֲבִישַׁג
אבישׁוע;אֲבִישׁוּעַ
אבישׁור;אֲבִישׁוּר
אבישׁי;אֲבִישַׁי
אבישׁלום;אֲבִישָׁלֹום
אביתר;אֶבְיָתָר
אבך;אבך
אבל;אבל
אבל;אֲבָל
אבל;אֵבֶל
אבל;אָבֵל
אבל בית מעכה;אָבֵל בֵּית מַעֲכָה
אבל השׁטים;אָבֵל הַשִּׁטִּים
אבל כרמים;אָבֵל כְּרָמִים
אבל מחולה;אָבֵל מְחֹולָה
אבל מים;אָבֵל מָיִם
אבל מצרים;אָבֵל מִצְרַיִם
אבן;אֶבֶן
אבן;אֹבֶן
אבן בהן בן ראובן;אֶבֶן בֹּהַן בֶּן־רְאוּבֵן
אבן האזל;אֶבֶן הָאֶזֶל
אבן הזחלת;אֶבֶן הַזֹּחֶלֶת
אבן העזר;אֶבֶן הָעֵזֶר
אבנה;אֲבָנָה
אבנט;אַבְנֵט
אבנר;אַבְנֵר
אבס;אבס
אבעבעה;אֲבַעְבֻּעָה
אבץ;אֶבֶץ
אבצן;אִבְצָן
אבק;אבק
אבק;אָבָק
אבקה;אֲבָקָה
אבר;אבר
אבר;אֵבֶר
אברה;אֶבְרָה
אברהם;אַבְרָהָם
אברך;אַבְרֵךְ
אברם;אַבְרָם
אבשׁי;אַבְשַׁי
אבשׁלום;אַבְשָׁלֹום
אבת;אֹבֹת
אגא;אָגֵא
אגג;אֲגַג
אגגי;אֲגָגִי
אגדה;אֲגֻדָּה
אגוז;אֱגֹוז
אגור;אָגוּר
אגורה;אֲגֹורָה
אגל;אֵגֶל
אגלים;אֶגְלַיִם
אגם;אֲגַם
אגם;אָגֵם
אגמון;אַגְמֹון
אגן;אַגָּן
אגף;אֲגַף
אגר;אגר
אגרה;אִגְּרָה
אגרטל;אֲגַרְטָל
אגרף;אֶגְרֹף
אגרת;אִגֶּרֶת
אד;אֵד
אדב;אדב
אדבאל;אַדְבְּאֵל
אדד;אֲדַד
אדו;אִדֹּו
אדום;אֱדֹום
אדומי;אֲדֹומִי
אדון;אַדֹּון
אדון;אָדֹון
אדורים;אֲדֹורַיִם
אדות;אֹדֹות
אדין;אֱדַיִן
אדיר;אַדִּיר
אדליא;אֲדַלְיָא
אדם;אדם
אדם;אָדָם
אדם;אָדֹם
אדם;אֹדֶם
אדמדם;אֲדַמְדַּם
אדמה;אֲדָמָה
אדמה;אַדְמָה
אדמוני;אַדְמֹונִי
אדמי הנקב;אֲדָמִי הַנֶּקֶב
אדמים;אֲדֻמִּים
אדמתא;אַדְמָתָא
אדן;אֶדֶן
אדן;אַדָּן
אדני;אֲדֹנָי
אדני בזק;אֲדֹנִי בֶזֶק
אדני צדק;אֲדֹנִי־צֶדֶק
אדניה;אֲדֹנִיָּה
אדניהו;אֲדֹנִיָּהוּ
אדניקם;אֲדֹנִיקָם
אדנירם;אֲדֹנִירָם
אדר;אדר
אדר;אֲדָר
אדר;אִדַּר
אדר;אֶדֶר
אדר;אַדָּר
אדרגזר;אֲדַרְגָּזַר
אדרזדא;אַדְרַזְדָּא
אדרכון;אֲדַרְכֹּון
אדרם;אֲדֹרָם
אדרמלך;אַדְרַמֶּלֶךְ
אדרע;אֶדְרָע
אדרעי;אֶדְרֶעִי
אדרת;אַדֶּרֶת
אהב;אהב
אהב;אַהַב
אהב;אֹהַב
אהבה;אַהֲבָה
אהד;אֹהַד
אהה;אֲהָהּ
אהוא;אַהֲוָא
אהוד;אֵהוּד
אהי;אֱהִי
אהל;אהל
אהל;אֹהֶל
אהלה;אָהֳלָה
אהלות;אֲהָלֹות
אהליאב;אָהֳלִיאָב
אהליבה;אָהֳלִיבָה
אהליבמה;אָהֳלִיבָמָה
אהרן;אַהֲרֹן
או;אֹו
אואל;אוּאֵל
אוב;אֹוב
אוביל;אֹובִיל
אובל;אוּבָל
אוד;אוּד
אוה;אוה
אוה;אַוָּה
אוזי;אוּזַי
אוזל;אוּזָל
אוי;אֱוִי
אוי;אֹוי
אויה;אֹויָה
אויל;אֱוִיל
אויל מרדך;אֱוִיל מְרֹדַךְ
אול;אוּל
אולי;אוּלַי
אולי;אֱוִלִי
אולם;אוּלָם
אולת;אִוֶּלֶת
אומר;אֹומָר
און;אָוֶן
און;אֹון
אונו;אֹונֹו
אוני;אֹונִי
אונם;אֹונָם
אונן;אֹונָן
אופז;אוּפָז
אופיר;אֹופִיר
אופן;אֹופַן
אוץ;אוץ
אוצר;אֹוצָר
אור;אור
אור;אוּר
אור;אֹור
אורה;אֲוֵרָה
אורה;אֹורָה
אורי;אוּרִי
אוריאל;אוּרִיאֵל
אוריה;אוּרִיָּה
אות;אות
אות;אֹות
אז;אָז
אזבי;אֶזְבָּי
אזדא;אַזְדָּא
אזה;אזה
אזוב;אֵזֹוב
אזור;אֵזֹור
אזי;אֲזַי
אזכרה;אַזְכָּרָה
אזל;אזל
אזל;אֶזֶל
אזן;אזן
אזן;אָזֵן
אזן;אֹזֶן
אזן שׁארה;אֻזֵּן שֶׁאֱרָה
אזנות תבור;אַזְנֹות תָּבֹור
אזני;אָזְנִי
אזניה;אֲזַנְיָה
אזקים;אֲזִקִּים
אזר;אזר
אזרוע;אֶזְרֹועַ
אזרח;אֶזְרָח
אזרחי;אֶזְרָחִי
אח;אַח
אח;אָח
אח;אֹחַ
אחאב;אַחְאָב
אחב;אֶחָב
אחבן;אַחְבָּן
אחד;אחד
אחד;אֶחָד
אחו;אָחוּ
אחוד;אֵחוּד
אחוה;אַחֲוָה
אחוז;אָחוּז
אחוח;אֲחֹוחַ
אחוחי;אֲחֹוחִי
אחומי;אֲחוּמַי
אחור;אָחֹור
אחות;אָחֹות
אחז;אחז
אחז;אָחָז
אחזה;אֲחֻזָּה
אחזי;אַחְזַי
אחזיה;אֲחַזְיָה
אחזם;אֲחֻזָּם
אחזת;אֲחֻזַּת
אחי;אֲחִי
אחי;אֵחִי
אחיאם;אֲחִיאָם
אחידה;אֲחִידָה
אחיה;אֲחִיָּה
אחיהוד;אֲחִיהוּד
אחיו;אַחְיֹו
אחיחד;אֲחִיחֻד
אחיטוב;אֲחִיטוּב
אחילוד;אֲחִילוּד
אחימות;אֲחִימֹות
אחימלך;אֲחִימֶלֶךְ
אחימן;אֲחִימַן
אחימעץ;אֲחִימַעַץ
אחין;אַחְיָן
אחינדב;אֲחִינָדָב
אחינעם;אֲחִינֹעַם
אחיסמך;אֲחִיסָמָךְ
אחיעזר;אֲחִיעֶזֶר
אחיקם;אֲחִיקָם
אחירם;אֲחִירָם
אחירמי;אֲחִירָמִי
אחירע;אֲחִירַע
אחישׁחר;אֲחִישָׁחַר
אחישׁר;אֲחִישָׁר
אחיתפל;אֲחִיתֹפֶל
אחלב;אַחְלָב
אחלי;אַחְלָי
אחלי;אַחֲלַי
אחלמה;אַחְלָמָה
אחמתא;אַחְמְתָא
אחסבי;אֲחַסְבַּי
אחר;אחר
אחר;אַחֵר
אחר;אַחַר
אחרון;אַחֲרֹון
אחרח;אַחְרַח
אחרחל;אֲחַרְחֵל
אחרי;אַחֲרִי
אחרי;אָחֳרִי
אחרין;אָחֳרֵין
אחרית;אַחֲרִית
אחרן;אָחֳרָן
אחרנית;אֲחֹרַנִּית
אחשׁדרפן;אֲחַשְׁדַּרְפַּן
אחשׁורושׁ;אֲחַשְׁוֵרֹושׁ
אחשׁתרן;אֲחַשְׁתְּרָן
אט;אַט
אטד;אָטָד
אטון;אֵטוּן
אטים;אִטִּים
אטם;אטם
אטר;אטר
אטר;אִטֵּר
אטר;אָטֵר
אי;אִי
אי;אֵי
איב;איב
איבה;אֵיבָה
איד;אֵיד
איה;אַיֵּה
איה;אַיָּה
איוב;אִיֹּוב
איזבל;אִיזֶבֶל
איך;אֵיךְ
איכבוד;אִיכָבֹוד
איכה;אֵיכָה
איכה;אֵיכֹה
איככה;אֵיכָכָה
איל;אֱיָל
איל;אַיִל
איל;אַיָּל
איל פארן;אֵיל פָּארָן
אילה;אַיָּלָה
אילו;אִילֹו
אילון;אֵילֹון
אילון;אַיָּלֹון
אילון בית חנן;אֵילֹון בֵּית חָנָן
אילות;אֱיָלוּת
אילות;אֵילֹות
אילם;אֵילִם
אילם;אֵילָם
אילן;אִילָן
אילת;אֵילַת
אים;אָיֹם
אימה;אֵימָה
אימים;אֵימִים
אימתני;אֵימְתָנִי
אין;אִין
אין;אַיִן
איעזר;אִיעֶזֶר
איעזרי;אִיעֶזְרִי
איפה;אֵיפָה
איפה;אֵיפֹה
אישׁ בשׁת;אִישׁ־בֹּשֶׁת
אישׁהוד;אִישְׁהֹוד
אישׁון;אִישֹׁון
איתון;אִיתֹון
איתי;אִיתַי
איתיאל;אִיתִיאֵל
איתמר;אִיתָמָר
איתן;אֵיתָן
אך;אַךְ
אכד;אַכַּד
אכזב;אַכְזָב
אכזיב;אַכְזִיב
אכזר;אַכְזָר
אכזרי;אַכְזָרִי
אכזריות;אַכְזְרִיּוּת
אכילה;אֲכִילָה
אכישׁ;אָכִישׁ
אכל;אכל
אכל;אֹכֶל
אכל;אֻכָל
אכלה;אָכְלָה
אכן;אָכֵן
אכף;אכף
אכף;אֶכֶף
אכר;אִכָּר
אכשׁף;אַכְשָׁף
אל;אֵל
אל ברית;אֵל בְּרִית
אלא;אֵלָא
אלגבישׁ;אֶלְגָּבִישׁ
אלגומים;אַלְגּוּמִּים
אלדד;אֶלְדָּד
אלדעה;אֶלְדָּעָה
אלה;אלה
אלה;אֱלָהּ
אלה;אֵלָה
אלה;אֵלֶּה
אלה;אַלָּה
אלה;אָלָה
אלהים;אֱלֹהִים
אלו;אֲלוּ
אלו;אִלּוּ
אלוה;אֱלֹוהַּ
אלול;אֱלוּל
אלון;אֵלֹון
אלון;אַלֹּון
אלוף;אַלּוּף
אלושׁ;אָלוּשׁ
אלזבד;אֶלְזָבָד
אלח;אלח
אלחנן;אֶלְחָנָן
אליאב;אֱלִיאָב
אליאל;אֱלִיאֵל
אליאתה;אֱלִיאָתָה
אלידד;אֱלִידָד
אלידע;אֶלְיָדָע
אליה;אַלְיָה
אליהו;אֵלִיָּהוּ
אליהוא;אֱלִיהוּא
אליהועיני;אֶלְיְהֹועֵינַי
אליועיני;אֶלְיֹועֵינַי
אליחבא;אֶלְיַחְבָּא
אליחרף;אֱלִיחֹרֶף
אליל;אֱלִיל
אלימלך;אֱלִימֶלֶךְ
אלין;אִלֵּין
אליסף;אֶלְיָסָף
אליעזר;אֱלִיעֶזֶר
אליעם;אֱלִיעָם
אליעני;אֱלִיעֵנַי
אליפז;אֱלִיפַז
אליפל;אֱלִיפַל
אליפלהו;אֱלִיפְלֵהוּ
אליפלט;אֱלִיפֶלֶט
אליצור;אֱלִיצוּר
אליצפן;אֱלִיצָפָן
אליקא;אֱלִיקָא
אליקים;אֶלְיָקִים
אלישׁבע;אֱלִישֶׁבַע
אלישׁה;אֱלִישָׁה
אלישׁוע;אֱלִישׁוּעַ
אלישׁיב;אֶלְיָשִׁיב
אלישׁמע;אֱלִישָׁמָע
אלישׁע;אֱלִישָׁע
אלישׁפט;אֱלִישָׁפָט
אלך;אִלֵּךְ
אללי;אַלְלַי
אלם;אלם
אלם;אִלֵּם
אלם;אֵלֶם
אלמגים;אַלְמֻגִּים
אלמה;אֲלֻמָּה
אלמודד;אַלְמֹודָד
אלמון;אַלְמֹון
אלמוני;אַלְמֹונִי
אלמלך;אַלַמֶּלֶךְ
אלמן;אַלְמָן
אלמנה;אַלְמָנָה
אלמנות;אַלְמָנוּת
אלני;אֵלֹנִי
אלנעם;אֶלְנָעַם
אלנתן;אֶלְנָתָן
אלסר;אֶלָּסָר
אלעד;אֶלְעָד
אלעדה;אֶלְעָדָה
אלעוזי;אֶלְעוּזַי
אלעזר;אֶלְעָזָר
אלעלה;אֶלְעָלֵה
אלעשׂה;אֶלְעָשָׂה
אלף;אלף
אלף;אֲלַף
אלף;אֶלֶף
אלפלט;אֶלְפֶּלֶט
אלפעל;אֶלְפַּעַל
אלץ;אלץ
אלצפן;אֶלְצָפָן
אלקום;אַלְקוּם
אלקנה;אֶלְקָנָה
אלקשׁי;אֶלְקֹשִׁי
אלתולד;אֶלְתֹּולַד
אלתקא;אֶלְתְּקֵא
אלתקן;אֶלְתְּקֹן
אם;אִם
אם;אֵם
אמה;אַמָּה
אמה;אָמָה
אמה;אֻמָּה
אמון;אֵמוּן
אמון;אָמֹון
אמונה;אֱמוּנָה
אמוץ;אָמֹוץ
אמי;אָמִי
אמיץ;אַמִּיץ
אמיר;אָמִיר
אמל;אמל
אמלל;אֲמֵלָל
אמלל;אֻמְלַל
אמם;אֲמָם
אמן;אמן
אמן;אָמֵן
אמן;אָמָּן
אמן;אֹמֶן
אמנה;אֲמָנָה
אמנה;אָמְנָה
אמנה;אֹמְנָה
אמנון;אַמְנֹון
אמנם;אָמְנָם
אמנם;אֻמְנָם
אמץ;אמץ
אמץ;אָמֹץ
אמץ;אֹמֶץ
אמצה;אַמְצָה
אמצי;אַמְצִי
אמציה;אֲמַצְיָה
אמר;אמר
אמר;אִמֵּר
אמר;אִמַּר
אמר;אֵמֶר
אמר;אֹמֶר
אמרה;אִמְרָה
אמרי;אֱמֹרִי
אמרי;אִמְרִי
אמריה;אֲמַרְיָה
אמריהו;אֲמַרְיָהוּ
אמרפל;אַמְרָפֶל
אמשׁ;אֶמֶשׁ
אמת;אֱמֶת
אמתחת;אַמְתַּחַת
אמתי;אֲמִתַּי
אן;אָן
אנא;אָנָּא
אנה;אנה
אנה;אֲנָה
אנון;אִנּוּן
אנושׁ;אֱנֹושׁ
אנושׁ;אָנוּשׁ
אנח;אנח
אנחה;אֲנָחָה
אנחנא;אֲנַחְנָא
אנחנו;אֲנַחְנוּ
אנחרת;אֲנָחֲרַת
אני;אֳנִי
אניה;אֲנִיָּה
אניה;אֳנִיָּה
אנין;אִנִּין
אניעם;אֲנִיעָם
אנך;אֲנָךְ
אנכי;אָנֹכִי
אנן;אנן
אנס;אנס
אנף;אנף
אנף;אֲנַף
אנפה;אֲנָפָה
אנק;אנק
אנקה;אֲנָקָה
אנשׁ;אנשׁ
אנשׁ;אֱנָשׁ
אנתה;אַנְתָּה
אנתון;אַנְתּוּן
אסא;אָסָא
אסוך;אָסוּךְ
אסון;אָסֹון
אסור;אֱסוּר
אסור;אֵסוּר
אסיף;אָסִיף
אסיר;אַסִּיר
אסיר;אָסִיר
אסם;אָסָם
אסנה;אַסְנָה
אסנפר;אָסְנַפַּר
אסנת;אָסְנַת
אסף;אסף
אסף;אָסָף
אסף;אָסֹף
אסף;אֹסֶף
אספה;אֲסֵפָה
אספה;אֲסֻפָּה
אספסף;אֲסַפְסֻף
אספרנא;אָסְפַּרְנָא
אספתא;אַסְפָּתָא
אסר;אסר
אסר;אֱסָר
אסר;אִסָּר
אסר חדן;אֵסַר־חַדֹּן
אסתר;אֶסְתֵּר
אע;אָע
אף;אַף
אפד;אפד
אפדה;אֲפֻדָּה
אפדן;אַפֶּדֶן
אפה;אפה
אפוא;אֵפֹוא
אפוד;אֵפֹוד
אפיח;אֲפִיחַ
אפיל;אָפִיל
אפים;אַפַּיִם
אפיק;אֲפִיק
אפיק;אָפִיק
אפל;אָפֵל
אפל;אֹפֶל
אפלה;אֲפֵלָה
אפלל;אֶפְלָל
אפן;אֹפֶן
אפס;אפס
אפס;אֶפֶס
אפס;אֹפֶס
אפס דמים;אֶפֶס דַמִּים
אפע;אֶפַע
אפעה;אֶפְעֶה
אפף;אפף
אפק;אפק
אפק;אֲפֵק
אפקה;אֲפֵקָה
אפר;אֲפֵר
אפר;אֵפֶר
אפרח;אֶפְרֹחַ
אפריון;אַפִּרְיֹון
אפרים;אֶפְרַיִם
אפרסי;אֲפָרְסָי
אפרסכי;אֲפַרְסְכָי
אפרסתכי;אֲפַרְסַתְכָי
אפרת;אֶפְרָת
אפרתה;אֶפְרָתָה
אפרתי;אֶפְרָתִי
אפתם;אַפְּתֹם
אצבון;אֶצְבֹּון
אצבע;אֶצְבַּע
אציל;אַצִּיל
אציל;אָצִיל
אצל;אצל
אצל;אֵצֶל
אצל;אָצֵל
אצליהו;אֲצַלְיָהוּ
אצם;אֹצֶם
אצעדה;אֶצְעָדָה
אצר;אצר
אצר;אֵצֶר
אקדח;אֶקְדָּח
אקו;אַקֹּו
ארא;אֲרָא
אראל;אֶרְאֵל
אראלי;אַרְאֵלִי
ארב;ארב
ארב;אֲרַב
ארב;אֶרֶב
ארב;אֹרֶב
ארבה;אֲרֻבָּה
ארבה;אַרְבֶּה
ארבה;אָרְבָּה
ארבות;אֲרֻבֹּות
ארבי;אַרְבִּי
ארבע;אַרְבַּע
ארג;ארג
ארג;אֶרֶג
ארגב;אַרְגֹּב
ארגז;אַרְגַּז
ארגמן;אַרְגָּמָן
ארד;אַרְדְּ
ארדון;אַרְדֹּון
ארדי;אֲרִדַי
ארדי;אַרְדִּי
ארה;ארה
ארו;אֲרוּ
ארוד;אֲרֹוד
ארוד;אַרְוַד
ארודי;אֲרֹודִי
ארודי;אַרְוָדִי
ארוה;אֻרְוָה
ארוז;אָרוּז
ארוכה;אֲרוּכָה
ארומה;אֲרוּמָה
ארון;אֲרֹון
ארונה;אֲרַוְנָה
ארז;אֶרֶז
ארזה;אַרְזָה
ארח;ארח
ארח;אֲרַח
ארח;אָרַח
ארח;אֹרַח
ארחה;אֲרֻחָה
ארחה;אֹרְחָה
ארי;אֲרִי
אריאל;אֲרִיאֵל
ארידתא;אֲרִידָתָא
אריה;אַרְיֵה
אריוך;אַרְיֹוךְ
אריך;אֲרִיךְ
אריסי;אֲרִיסַי
ארך;ארך
ארך;אֶרֶךְ
ארך;אָרֵךְ
ארך;אָרֹךְ
ארך;אֹרֶךְ
ארכבה;אַרְכֻבָּה
ארכה;אַרְכָה
ארכוי;אַרְכְּוָי
ארכי;אַרְכִּי
ארם;אֲרָם
ארם בית רחוב;אֲרַם בֵּית־רְחֹוב
ארם דמשׂק;אֲרַם דַּמֶּשֶׂק
ארם מעכה;אֲרַם מַעֲכָה
ארם נהרים;אֲרַם נַהֲרַיִם
ארם צובא;אֲרַם צֹובָא
ארמון;אַרְמֹון
ארמי;אֲרַמִּי
ארמית;אֲרָמִית
ארמני;אַרְמֹנִי
ארן;אֲרָן
ארן;אֹרֶן
ארנבת;אַרְנֶבֶת
ארנון;אַרְנֹון
ארנן;אַרְנָן
ארנן;אָרְנָן
ארע;אֲרַע
ארעי;אַרְעִי
ארפד;אַרְפַּד
ארפכשׁד;אַרְפַּכְשַׁד
ארץ;אֶרֶץ
ארצא;אַרְצָא
ארק;אֲרַק
ארר;ארר
אררט;אֲרָרַט
ארשׂ;ארשׂ
ארשׁת;אֲרֶשֶׁת
ארתחשׁסתא;אַרְתַּחְשַׁסְתְּא
אשׁ;אִשׁ
אשׁ;אֵשׁ
אשׁ;אֹשׁ
אשׁא;אֶשָּׁא
אשׁבל;אַשְׁבֵּל
אשׁבלי;אַשְׁבֵּלִי
אשׁבן;אֶשְׁבָּן
אשׁבע;אַשְׁבֵּעַ
אשׁבעל;אֶשְׁבַּעַל
אשׁדה;אֲשֵׁדָה
אשׁדוד;אַשְׁדֹּוד
אשׁדודי;אַשְׁדֹּודִי
אשׁדודית;אַשְׁדֹּודִית
אשׁדת;אֵשְׁדָּת
אשׁה;אִשֶּׁה
אשׁה;אִשָּׁה
אשׁון;אֱשׁוּן
אשׁור;אַשּׁוּר
אשׁורי;אֲשׁוּרִי
אשׁורם;אַשּׁוּרִם
אשׁחור;אַשְׁחוּר
אשׁיה;אָשְׁיָה
אשׁימא;אֲשִׁימָא
אשׁישׁה;אֲשִׁישָׁה
אשׁך;אֶשֶׁךְ
אשׁכול;אֶשְׁכֹּול
אשׁכנז;אַשְׁכֲּנַז
אשׁכר;אֶשְׁכָּר
אשׁל;אֶשֶׁל
אשׁם;אשׁם
אשׁם;אָשֵׁם
אשׁם;אָשָׁם
אשׁמה;אַשְׁמָה
אשׁמורה;אַשְׁמוּרָה
אשׁמן;אַשְׁמַן
אשׁמרת;אַשְׁמֹרֶת
אשׁנב;אֶשְׁנָב
אשׁנה;אַשְׁנָה
אשׁען;אֶשְׁעָן
אשׁף;אַשָּׁף
אשׁף;אָשַׁף
אשׁפה;אַשְׁפָּה
אשׁפנז;אַשְׁפְּנַז
אשׁפר;אֶשְׁפָּר
אשׁפת;אַשְׁפֹּת
אשׁקלון;אַשְׁקְלֹון
אשׁקלוני;אֶשְׁקְלֹונִי
אשׁר;אשׁר
אשׁר;אֲשֶׁר
אשׁר;אֶשֶׁר
אשׁר;אָשֵׁר
אשׁר;אָשֻׁר
אשׁר;אֹשֶׁר
אשׂראל;אֲשַׂרְאֵל
אשׂראלה;אֲשַׂרְאֵלָה
אשׁרה;אֲשֵׁרָה
אשׁרי;אַשְׁרֵי
אשׁרי;אָשֵׁרִי
אשׂריאל;אַשְׂרִיאֵל
אשׂריאלי;אַשְׂרִיאֵלִי
אשׁרן;אשׁרן
אשׁשׁ;אשׁשׁ
אשׁתאל;אֶשְׁתָּאֹל
אשׁתאלי;אֶשְׁתָּאֻלִי
אשׁתדור;אֶשְׁתַּדּוּר
אשׁתון;אֶשְׁתֹּון
אשׁתם;אֵשְׁתַּם
אשׁתמה;אֶשְׁתְּמֹה
אשׁתמע;אֶשְׁתְּמֹעַ
את;אֵת
את;אַתְּ
את;אָת
אתבעל;אֶתְבַּעַל
אתה;אתה
אתה;אַתָּה
אתון;אַתּוּן
אתון;אָתֹון
אתי;אִתַּי
אתיק;אַתִּיק
אתם;אֵתָם
אתם;אַתֶּם
אתן;אַתֵּן
אתנה;אֶתְנָה
אתני;אֶתְנִי
אתנן;אֶתְנַן
אתר;אֲתַר
אתרים;אֲתָרִים
באה;בִּאָה
באושׁים;בְּאוּשִׁים
באישׁ;בִּאישׁ
באר;באר
באר;בְּאֵר
באר אילים;בְּאֵר אֵילִים
באר לחי ראי;בְּאֵר לַחַי רֹאִי
באר שׁבע;בְּאֵר שֶׁבַע
בארא;בְּאֵרָא
בארה;בְּאֵרָה
בארות;בְּאֵרֹות
בארי;בְּאֵרִי
בארת בני יעקן;בְּאֵרֹת בְּנֵי־יַעֲקָן
בארתי;בְּאֵרֹתִי
באשׁ;באשׁ
באשׁ;בְּאֹשׁ
באשׁה;בָּאְשָׁה
באתר;בָּאתַר
בבה;בָּבָה
בבי;בֵּבַי
בבל;בָּבֶל
בבלי;בָּבְלָי
בג;בַּג
בגד;בגד
בגד;בֶּגֶד
בגדות;בֹּגְדֹות
בגוד;בָּגֹוד
בגוי;בִּגְוַי
בגתא;בִּגְתָא
בגתן;בִּגְתָן
בד;בַּד
בדא;בדא
בדד;בדד
בדד;בְּדַד
בדד;בָּדָד
בדיה;בֵּדְיָה
בדיל;בְּדִיל
בדיל;בָּדִיל
בדל;בדל
בדל;בָּדָל
בדלח;בְּדֹלַח
בדן;בְּדָן
בדק;בדק
בדק;בֶּדֶק
בדקר;בִּדְקַר
בדר;בדר
בהו;בֹּהוּ
בהט;בַּהַט
בהילו;בְּהִילוּ
בהיר;בָּהִיר
בהל;בהל
בהלה;בֶּהָלָה
בהמה;בְּהֵמָה
בהמות;בְּהֵמֹות
בהן;בֹּהֶן
בהק;בֹּהַק
בהרת;בַּהֶרֶת
בוז;בוז
בוז;בּוּז
בוזה;בּוּזָה
בוזי;בּוּזִי
בוי;בַּוַּי
בוך;בוך
בול;בּוּל
בונה;בּוּנָה
בוס;בוס
בוץ;בּוּץ
בוצץ;בֹּוצֵץ
בוקה;בּוּקָה
בוקר;בֹּוקֵר
בור;בור
בור;בֹּור
בור הסרה;בֹּור הַסִּרָה
בור עשׁן;בֹּור־עָשָׁן
בושׁ;בושׁ
בושׁה;בּוּשָׁה
בז;בַּז
בזא;בזא
בזה;בזה
בזה;בִּזָּה
בזז;בזז
בזיון;בִּזָּיֹון
בזיותיה;בִּזְיֹותְיָה
בזק;בֶּזֶק
בזק;בָּזָק
בזר;בזר
בזתא;בִּזְּתָא
בחון;בַּחוּן
בחון;בָּחֹון
בחור;בָּחוּר
בחורים;בְּחוּרִים
בחורים;בַּחוּרִים
בחין;בַּחִין
בחיר;בָּחִיר
בחל;בחל
בחן;בחן
בחן;בַּחַן
בחן;בֹּחַן
בחר;בחר
בחרומי;בַּחֲרוּמִי
בטה;בטה
בטוח;בָּטוּחַ
בטח;בטח
בטח;בֶּטַח
בטחה;בִּטְחָה
בטחון;בִּטָּחֹון
בטחות;בַּטֻּחֹות
בטל;בטל
בטן;בֶּטֶן
בטנים;בְּטֹנִים
בטנים;בָּטְנִים
בי;בִּי
בין;בין
בין;בַּיִן
בינה;בִּינָה
ביצה;בֵּיצָה
ביר;בַּיִר
בירה;בִּירָה
בית;בית
בית;בַּיִת
בית און;בֵּית אָוֶן
בית אל;בֵּית־אֵל
בית ארבאל;בֵּית אַרְבֵאל
בית אשׁבע;בֵּית אַשְׁבֵּעַ
בית בעל מעון;בֵּית בַּעַל מְעֹון
בית בראי;בֵּית בִּרְאִי
בית ברה;בֵּית בָּרָה
בית גדר;בֵּית־גָּדֵר
בית גמול;בֵּית גָּמוּל
בית דבלתים;בֵּית דִּבְלָתָיִם
בית דגון;בֵּית־דָּגֹון
בית האלי;בֵּית הָאֱלִי
בית האצל;בֵּית הָאֵצֶל
בית הגלגל;בֵּית הַגִּלְגָּל
בית הגן;בֵּית הַגָּן
בית הישׁימות;בֵּית הַיְשִׁימֹות
בית הכרם;בֵּית הַכֶּרֶם
בית הלחמי;בֵּית הַלַּחְמִי
בית המרכבות;בֵּית הַמַּרְכָּבֹות
בית העמק;בֵּית הָעֵמֶק
בית הערבה;בֵּית הָעֲרָבָה
בית הרם;בֵּית הָרָם
בית הרן;בֵּית הָרָן
בית השׁטה;בֵּית הַשִּׁטָּה
בית השׁמשׁי;בֵּית־הַשִּׁמְשִׁי
בית חגלה;בֵּית חָגְלָה
בית חורון;בֵּית חֹורֹון
בית כר;בֵּית כָּר
בית לבאות;בֵּית לְבָאֹות
בית לחם;בֵּית לֶחֶם
בית לעפרה;בֵּית לְעַפְרָה
בית מלוא;בֵּית מִלֹּוא
בית מעון;בֵּית מְעֹון
בית נמרה;בֵּית נִמְרָה
בית עדן;בֵּית עֶדֶן
בית עזמות;בֵּית־עַזְמָוֶת
בית ענות;בֵּית־עֲנֹות
בית ענת;בֵּית עֲנָת
בית עקד;בֵּית־עֵקֶד
בית פלט;בֵּית פֶּלֶט
בית פעור;בֵּית פְּעֹור
בית פצץ;בֵּית פַּצֵּץ
בית צור;בֵּית־צוּר
בית רחוב;בֵּית רְחֹוב
בית רפא;בֵּית רָפָא
בית שׁאן;בֵּית שְׁאָן
בית שׁמשׁ;בֵּית שֶׁמֶשׁ
בית תפוח;בֵּית תַּפּוּחַ
ביתן;בִּיתָן
בכא;בָּכָא
בכה;בכה
בכה;בֶּכֶה
בכור;בְּכֹור
בכורה;בִּכּוּרָה
בכורים;בִּכּוּרִים
בכורת;בְּכֹורַת
בכות;בָּכוּת
בכי;בְּכִי
בכים;בֹּכִים
בכירה;בְּכִירָה
בכית;בְּכִית
בכר;בכר
בכר;בֵּכֶר
בכר;בֶּכֶר
בכרה;בְּכֹרָה
בכרה;בִּכְרָה
בכרו;בֹּכְרוּ
בכרי;בִּכְרִי
בכרי;בַּכְרִי
בל;בֵּל
בל;בַּל
בל;בָּל
בלאדן;בַּלְאֲדָן
בלאשׁצר;בֵּלְאשַׁצַּר
בלג;בלג
בלגה;בִּלְגָּה
בלגי;בִּלְגַּי
בלדד;בִּלְדַּד
בלה;בלה
בלה;בלהּ
בלה;בָּלֶה
בלה;בָּלָה
בלהה;בִּלְהָה
בלהה;בַּלָּהָה
בלהן;בִּלְהָן
בלו;בְּלֹו
בלוי;בְּלֹוי
בלטשׁאצר;בֵּלְטְשַׁאצַּר
בלי;בְּלִי
בליל;בְּלִיל
בליעל;בְּלִיַּעַל
בלל;בלל
בלם;בלם
בלס;בלס
בלע;בלע
בלע;בֶּלַע
בלעדי;בַּלְעֲדֵי
בלעי;בַּלְעִי
בלעם;בִּלְעָם
בלק;בלק
בלק;בָּלָק
בלשׁאצר;בֵּלְשַׁאצַּר
בלשׁן;בִּלְשָׁן
בלתי;בִּלְתִּי
במה;בָּמָה
במהל;בִּמְהָל
במות;בָּמֹות
במות בעל;בָּמֹות בַּעַל
בן;בֵּן
בן אוני;בֶּן־אֹונִי
בן גבר;בֶּן־גֶבֶר
בן דקר;בֶּן־דֶּקֶר
בן הדד;בֶּן־הֲדַד
בן הנם;בֶּן הִנֹּם
בן זוחת;בֶּן־זֹוחֵת
בן חור;בֶּן־חוּר
בן חיל;בֶּן־חַיִל
בן חנן;בֶּן־חָנָן
בן חסד;בֶּן־חֶסֶד
בן ימיני;בֶּן־יְמִינִי
בן עמי;בֶּן־עַמִּי
בנה;בנה
בנוי;בִּנּוּי
בני;בָּנִי
בני;בֻּנִּי
בני ברק;בְּנֵי־בְרַק
בני יעקן;בְּנֵי יַעֲקָן
בניה;בְּנָיָה
בניה;בִּנְיָה
בניהו;בְּנָיָהוּ
בנים;בֵּנַיִם
בנימן;בִּנְיָמִן
בנין;בִּנְיָן
בנינו;בְּנִינוּ
בנס;בנס
בנעא;בִּנְעָא
בסודיה;בְּסֹודְיָה
בסי;בֵּסַי
בסר;בֹּסֶר
בעבור;בַּעֲבוּר
בעד;בַּעַד
בעה;בעה
בעו;בָּעוּ
בעור;בְּעֹור
בעות;בִּעוּת
בעז;בֹּעַז
בעט;בעט
בעיר;בְּעִיר
בעל;בעל
בעל;בְּעֵל
בעל;בַּעַל
בעל ברית;בַּעַל בְּרִית
בעל גד;בַּעַל גָּד
בעל המון;בַּעַל הָמֹון
בעל חנן;בַּעַל חָנָן
בעל חצור;בַּעַל חָצֹור
בעל חרמון;בַּעַל חֶרְמֹון
בעל מעון;בַּעַל מְעֹון
בעל פעור;בַּעַל פְּעֹור
בעל פרצים;בַּעַל פְּרָצִים
בעל צפן;בַּעַל צְפֹן
בעל שׁלשׁה;בַּעַל שָׁלִשָׁה
בעל תמר;בַּעַל תָּמָר
בעלה;בַּעֲלָה
בעלות;בְּעָלֹות
בעלי יהודה;בַּעֲלֵי יְהוּדָה
בעלידע;בְּעֶלְיָדָע
בעליה;בְּעַלְיָה
בעליס;בַּעֲלִיס
בעלת;בַּעֲלָת
בעלת באר;בַּעֲלַת בְּאֵר
בען;בְּעֹן
בענא;בַּעֲנָא
בענה;בַּעֲנָה
בער;בער
בער;בַּעַר
בערא;בַּעֲרָא
בערה;בְּעֵרָה
בעשׁא;בַּעְשָׁא
בעשׂיה;בַּעֲשֵׂיָה
בעשׁתרה;בְּעֶשְׁתְּרָה
בעת;בעת
בעתה;בְּעָתָה
בץ;בֹּץ
בצה;בִּצָּה
בצור;בָּצוּר
בצי;בֵּצָי
בציר;בָּצִיר
בצל;בָּצָל
בצלאל;בְּצַלְאֵל
בצלות;בַּצְלוּת
בצלית;בַּצְלִית
בצע;בצע
בצע;בֶּצַע
בצק;בצק
בצק;בָּצֵק
בצקת;בָּצְקַת
בצר;בצר
בצר;בֶּצֶר
בצרה;בַּצָּרָה
בצרה;בָּצְרָה
בצרון;בִּצָּרֹון
בצרת;בַּצֹּרֶת
בקבוק;בַּקְבּוּק
בקבק;בַּקְבֻּק
בקבקיה;בַּקְבֻּקְיָה
בקבקר;בַּקְבַּקַּר
בקי;בֻּקִּי
בקיהו;בֻּקִּיָּהוּ
בקיע;בָּקִיעַ
בקע;בקע
בקע;בֶּקַע
בקעה;בִּקְעָה
בקעת און;בִּקְעַת אָוֶן
בקק;בקק
בקר;בקר
בקר;בָּקָר
בקר;בֹּקֶר
בקרה;בַּקָּרָה
בקרת;בִּקֹּרֶת
בקשׁ;בקשׁ
בקשׁה;בַּקָּשָׁה
בר;בַּר
בר;בֹּר
ברא;ברא
בראדך בלאדן;בְּרֹאדַךְ בַּלְאֲדָן
בראיה;בְּרָאיָה
ברבור;בַּרְבּוּר
ברד;ברד
ברד;בֶּרֶד
ברד;בָּרָד
ברד;בָּרֹד
ברה;ברה
ברוך;בָּרוּךְ
ברושׁ;בְּרֹושׁ
ברות;בְּרֹות
ברות;בָּרוּת
ברותה;בֵּרֹותָה
ברזית;בִּרְזָיִת
ברזל;בַּרְזֶל
ברזלי;בַּרְזִלַּי
ברח;ברח
ברח;בָּרִחַ
ברחמי;בַּרְחֻמִי
ברי;בֵּרִי
בריא;בָּרִיא
בריאה;בְּרִיאָה
בריה;בִּרְיָה
בריח;בְּרִיחַ
בריח;בָּרִיחַ
ברים;בֵּרִים
בריעה;בְּרִיעָה
בריעי;בְּרִיעִי
ברית;בְּרִית
ברית;בֹּרִית
ברך;ברך
ברך;בְּרַךְ
ברך;בֶּרֶךְ
ברכאל;בַּרַכְאֵל
ברכה;בְּרֵכָה
ברכה;בְּרָכָה
ברכיה;בֶּרֶכְיָה
ברכיהו;בֶּרֶכְיָהוּ
ברם;בְּרַם
ברמים;בְּרֹמִים
ברע;בֶּרַע
ברק;ברק
ברק;בָּרָק
ברקוס;בַּרְקֹוס
ברקן;בַּרְקֹן
ברקת;בָּרֶקֶת
ברר;ברר
ברשׁע;בִּרְשַׁע
ברתי;בֵּרֹתַי
בשׂור;בְּשֹׂור
בשׁל;בשׁל
בשׁל;בָּשֵׁל
בשׁלם;בִּשְׁלָם
בשׂם;בֹּשֶׂם
בשׂמת;בָּשְׂמַת
בשׁן;בָּשָׁן
בשׁנה;בָּשְׁנָה
בשׁס;בשׁס
בשׂר;בשׂר
בשׂר;בְּשַׂר
בשׂר;בָּשָׂר
בשׂרה;בְּשֹׂרָה
בשׁת;בֹּשֶׁת
בת;בַּת
בת רבים;בַּת־רַבִּים
בת שׁבע;בַּת־שֶׁבַע
בת שׁוע;בַּת־שׁוּעַ
בתה;בַּתָּה
בתה;בָּתָה
בתואל;בְּתוּאֵל
בתול;בְּתוּל
בתולה;בְּתוּלָה
בתולים;בְּתוּלִים
בתיה;בִּתְיָה
בתק;בתק
בתר;בתר
בתר;בֶּתֶר
בתרון;בִּתְרֹון
גא;גֵּא
גאה;גאה
גאה;גֵּאֶה
גאה;גֵּאָה
גאואל;גְּאוּאֵל
גאוה;גַּאֲוָה
גאולים;גְּאוּלִים
גאון;גָּאֹון
גאות;גֵּאוּת
גאיון;גַּאֲיֹון
גאל;גאל
גאל;גֹּאַל
גאלה;גְּאֻלָּה
גב;גֵּב
גב;גַּב
גב;גֹּב
גבא;גֶּבֶא
גבה;גבהּ
גבה;גָּבֵהַּ
גבה;גָּבֹהַּ
גבה;גֹּבַהּ
גבהות;גַּבְהוּת
גבול;גְּבוּל
גבולה;גְּבוּלָה
גבור;גִּבֹּור
גבורה;גְּבוּרָה
גבח;גִּבֵּחַ
גבחת;גַּבַּחַת
גבי;גַּבַּי
גבי;גֹּבַי
גבים;גֵּבִים
גביע;גָּבִיעַ
גביר;גְּבִיר
גבירה;גְּבִירָה
גבישׁ;גָּבִישׁ
גבל;גבל
גבל;גְּבַל
גבל;גְּבָל
גבלות;גַּבְלוּת
גבלי;גִּבְלִי
גבן;גִּבֵּן
גבנה;גְּבִנָּה
גבנן;גַּבְנֹן
גבע;גֶּבַע
גבעה;גִּבְעָה
גבעון;גִּבְעֹון
גבעוני;גִּבְעֹונִי
גבעל;גִּבְעֹל
גבעתי;גִּבְעָתִי
גבר;גבר
גבר;גְּבַר
גבר;גִּבָּר
גבר;גֶּבֶר
גבריאל;גַּבְרִיאֵל
גבתון;גִּבְּתֹון
גג;גָּג
גד;גַּד
גד;גָּד
גדבר;גְּדָבַר
גדגדה;גֻּדְגֹּדָה
גדד;גדד
גדה;גָּדָה
גדוד;גְּדוּד
גדודה;גְּדוּדָה
גדול;גָּדֹול
גדולה;גְּדוּלָּה
גדולים;גְּדֹולִים
גדוף;גִּדּוּף
גדופה;גְּדוּפָה
גדופה;גִּדּוּפָה
גדי;גְּדִי
גדי;גַּדִּי
גדי;גָּדִי
גדיאל;גַּדִּיאֵל
גדיה;גְּדִיָּה
גדיל;גָּדִיל
גדישׁ;גָּדִישׁ
גדל;גדל
גדל;גִּדֵּל
גדל;גֹּדֶל
גדליה;גְּדַלְיָה
גדליהו;גְּדַלְיָהוּ
גדלתי;גִּדַּלְתִּי
גדע;גדע
גדעון;גִּדְעֹון
גדעם;גִּדְעֹם
גדעני;גִּדְעֹנִי
גדף;גדף
גדר;גדר
גדר;גְּדֹר
גדר;גֶּדֶר
גדר;גָּדֵר
גדרה;גְּדֵרָה
גדרות;גְּדֵרֹות
גדרי;גְּדֵרִי
גדרת;גְּדֶרֶת
גדרתי;גְּדֵרָתִי
גדרתים;גְּדֵרֹתַיִם
גהה;גהה
גהה;גֵּהָה
גהר;גהר
גו;גֵּו
גו;גַּו
גוא;גֹּוא
גוב;גֹּוב
גוג;גֹּוג
גוד;גוד
גוה;גֵּוָה
גוז;גוז
גוזל;גֹּוזָל
גוזן;גֹּוזָן
גוח;גוח
גוי;גֹּוי
גויה;גְּוִיָּה
גוים;גֹּויִם
גולה;גֹּולָה
גולן;גֹּולָן
גומץ;גּוּמָּץ
גוני;גּוּנִי
גוע;גוע
גוף;גוף
גופה;גּוּפָה
גור;גור
גור;גּוּר
גור;גֹּור
גור בעל;גּוּר־בַּעַל
גורל;גֹּורָל
גושׁ;גּוּשׁ
גז;גֵּז
גזבר;גִּזְבַּר
גזבר;גִּזְבָּר
גזה;גזה
גזה;גִּזָּה
גזוני;גִּזֹונִי
גזז;גזז
גזז;גָּזֵז
גזית;גָּזִית
גזל;גזל
גזל;גֵּזֶל
גזל;גָּזֵל
גזלה;גְּזֵלָה
גזם;גַּזָּם
גזם;גָּזָם
גזע;גֵּזַע
גזר;גזר
גזר;גֶּזֶר
גזרה;גְּזֵרָה
גזרה;גִּזְרָה
גזרי;גִּזְרִי
גחה;גחה
גחון;גָּחֹון
גחל;גֶּחָל
גחלת;גַּחֶלֶת
גחם;גַּחַם
גחר;גַּחַר
גיא;גַּיְא
גיא בן הנם;גֵּיא בֶן־הִנֹּם
גיא המון גוג;גֵּיא הֲמֹון גֹּוג
גיד;גִּיד
גיח;גיח
גיח;גִּיחַ
גיחון;גִּיחֹון
גיחזי;גֵּיחֲזִי
גיל;גיל
גיל;גִּיל
גילה;גִּילָה
גילני;גִּילֹנִי
גינת;גִּינַת
גיר;גִּיר
גישׁן;גֵּישָׁן
גל;גֵּל
גל;גַּל
גלב;גַּלָּב
גלבע;גִּלְבֹּעַ
גלגל;גִּלְגָּל
גלגל;גַּלְגַּל
גלגלת;גֻּלְגֹּלֶת
גלד;גֶּלֶד
גלה;גלה
גלה;גִּלֹה
גלה;גֻּלָּה
גלו;גָּלוּ
גלול;גִּלּוּל
גלום;גְּלֹום
גלות;גָּלוּת
גלח;גלח
גליון;גִּלָּיֹון
גליל;גָּלִיל
גלילה;גְּלִילָה
גלילות;גְּלִילֹות
גלים;גַּלִּים
גלית;גָּלְיָת
גלל;גלל
גלל;גְּלָל
גלל;גָּלָל
גללי;גִּלֲלַי
גלם;גלם
גלם;גֹּלֶם
גלמוד;גַּלְמוּד
גלע;גלע
גלעד;גִּלְעָד
גלעד;גַּלְעֵד
גלעדי;גִּלְעָדִי
גלשׁ;גלשׁ
גם;גַּם
גמא;גמא
גמא;גֹּמֶא
גמד;גֹּמֶד
גמדים;גַּמָּדִים
גמול;גְּמוּל
גמול;גָּמוּל
גמולה;גְּמוּלָה
גמזו;גִּמְזֹו
גמל;גמל
גמל;גָּמָל
גמלי;גְּמַלִּי
גמליאל;גַּמְלִיאֵל
גמר;גמר
גמר;גֹּמֶר
גמריה;גְּמַרְיָה
גן;גַּן
גנב;גנב
גנב;גַּנָּב
גנבה;גְּנֵבָה
גנבת;גְּנֻבַת
גנה;גַּנָּה
גנז;גְּנַז
גנז;גֶּנֶז
גנזך;גַּנְזַךְ
גנן;גנן
גנתון;גִּנְּתֹון
געה;געה
געה;גֹּעָה
געל;געל
געל;גַּעַל
געל;גֹּעַל
גער;גער
גערה;גְּעָרָה
געשׁ;געשׁ
געשׁ;גַּעַשׁ
געתם;גַּעְתָּם
גף;גַּף
גפן;גֶּפֶן
גפר;גֹּפֶר
גפרית;גָּפְרִית
גר;גִּר
גר;גֵּר
גרא;גֵּרָא
גרב;גָּרֵב
גרב;גָּרָב
גרגר;גַּרְגֵּר
גרגרת;גַּרְגֶּרֶת
גרגשׁי;גִּרְגָּשִׁי
גרד;גרד
גרה;גרה
גרה;גֵּרָה
גרון;גָּרֹון
גרות;גֵּרוּת
גרז;גרז
גרזי;גִּרְזִי
גרזים;גְּרִזִים
גרזן;גַּרְזֶן
גרל;גרל
גרם;גרם
גרם;גְּרַם
גרם;גֶּרֶם
גרמי;גַּרְמִי
גרן;גֹּרֶן
גרס;גרס
גרע;גרע
גרף;גרף
גרר;גרר
גרר;גְּרָר
גרשׁ;גרשׁ
גרשׁ;גֶּרֶשׁ
גרשׂ;גֶּרֶשׂ
גרשׁה;גְּרֻשָׁה
גרשׁום;גֵּרְשֹׁום
גרשׁון;גֵּרְשֹׁון
גרשׁני;גֵּרְשֻׁנִּי
גשׁור;גְּשׁוּר
גשׁורי;גְּשׁוּרִי
גשׁם;גשׁם
גשׁם;גְּשֵׁם
גשׁם;גֶּשֶׁם
גשׁם;גֹּשֶׁם
גשׁמו;גַּשְׁמוּ
גשׁן;גֹּשֶׁן
גשׁפא;גִּשְׁפָּא
גשׁשׁ;גשׁשׁ
גת;גַּת
גת החפר;גַּת הַחֵפֶר
גת רמון;גַּת־רִמֹּון
גתי;גִּתִּי
גתים;גִּתַּיִם
גתית;גִּתִּית
גתר;גֶּתֶר
דאב;דאב
דאבה;דְּאָבָה
דאבון;דְּאָבֹון
דאג;דאג
דאגה;דְּאָגָה
דאה;דאה
דאה;דָּאָה
דב;דֹּב
דבא;דֹּבֶא
דבב;דבב
דבה;דִּבָּה
דבורה;דְּבֹורָה
דבח;דבח
דבח;דְּבַח
דביונים;דִּבְיֹונִים
דביר;דְּבִיר
דבלה;דְּבֵלָה
דבלה;דִּבְלָה
דבלים;דִּבְלַיִם
דבק;דבק
דבק;דֶּבֶק
דבק;דָּבֵק
דבר;דבר
דבר;דִּבֵּר
דבר;דֶּבֶר
דבר;דֹּבֶר
דברה;דִּבְרָה
דברה;דַּבְּרָה
דברות;דֹּבְרֹות
דברי;דִּבְרִי
דברת;דָּבְרַת
דבשׁ;דְּבַשׁ
דבשׁת;דַּבֶּשֶׁת
דג;דָּג
דגה;דגה
דגה;דָּגָה
דגון;דָּגֹון
דגל;דגל
דגל;דֶּגֶל
דגן;דָּגָן
דגר;דגר
דד;דַּד
דדה;דדה
דדוהו;דֹּדָוָהוּ
דדן;דְּדָן
דדני;דְּדָנִי
דדנים;דֹּדָנִים
דהב;דְּהַב
דהי;דֶּהָי
דהם;דהם
דהר;דהר
דהרה;דַּהֲרָה
דואג;דֹּואֵג
דוב;דוב
דוג;דַּוָּג
דוגה;דּוּגָה
דוד;דּוּד
דוד;דָּוִד
דוד;דֹּוד
דודאים;דּוּדָאִים
דודה;דֹּודָה
דודו;דֹּודֹו
דודי;דֹּודַי
דוה;דוה
דוה;דָּוֶה
דוח;דוח
דוי;דְּוַי
דוי;דַּוָּי
דוך;דוך
דוכיפת;דּוּכִיפַת
דומה;דּוּמָה
דומיה;דּוּמִיָּה
דומם;דּוּמָם
דון;דון
דון;דּוּן
דונג;דֹּונַג
דוץ;דוץ
דור;דור
דור;דּוּר
דור;דֹּור
דורא;דּוּרָא
דושׁ;דושׁ
דחה;דחה
דחוה;דַּחֲוָה
דחח;דחח
דחי;דְּחִי
דחל;דחל
דחן;דֹּחַן
דחף;דחף
דחק;דחק
די;דַּי
די זהב;דִּי זָהָב
דיבון;דִּיבֹון
דיג;דיג
דיג;דַּיָּג
דיה;דַּיָּה
דיו;דְּיֹו
דימון;דִּימֹון
דימונה;דִּימֹונָה
דין;דין
דין;דִּין
דין;דַּיָּן
דינה;דִּינָה
דיניא;דִּינָיֵא
דיפת;דִּיפַת
דיק;דָּיֵק
דישׁ;דַּיִשׁ
דישׁון;דִּישֹׁון
דישׁן;דִּישָׁן
דך;דַּךְ
דכא;דכא
דכא;דַּכָּא
דכה;דכה
דכי;דֳּכִי
דכר;דְּכַר
דכרון;דִּכְרֹון
דכרן;דָּכְרָן
דל;דַּל
דלג;דלג
דלה;דלה
דלה;דַּלָּה
דלח;דלח
דלי;דְּלִי
דליה;דְּלָיָה
דליהו;דְּלָיָהוּ
דלילה;דְּלִילָה
דלית;דָּלִית
דלל;דלל
דלען;דִּלְעָן
דלף;דלף
דלף;דֶּלֶף
דלפון;דַּלְפֹון
דלק;דלק
דלקת;דַּלֶּקֶת
דלת;דֶּלֶת
דם;דָּם
דמה;דמה
דמה;דֻּמָה
דמות;דְּמוּת
דמי;דְּמִי
דמי;דֳּמִי
דמיון;דִּמְיֹון
דמם;דמם
דממה;דְּמָמָה
דמן;דֹּמֶן
דמנה;דִּמְנָה
דמע;דמע
דמע;דֶּמַע
דמעה;דִּמְעָה
דמשׁק;דְּמֶשֶׁק
דמשׂק;דַּמֶּשֶׂק
דן;דָּן
דן יען;דָּן יַעַן
דנה;דַּנָּה
דנהבה;דִּנְהָבָה
דני;דָּנִי
דניאל;דָּנִיֵּאל
דע;דֵּעַ
דעה;דֵּעָה
דעואל;דְּעוּאֵל
דעך;דעך
דעת;דַּעַת
דפי;דֳּפִי
דפק;דפק
דפקה;דָּפְקָה
דק;דַּק
דק;דֹּק
דקלה;דִּקְלָה
דקק;דקק
דקר;דקר
דר;דַּר
דר;דָּר
דראון;דֵּרָאֹון
דרבן;דָּרְבָן
דרדע;דַּרְדַּע
דרדר;דַּרְדַּר
דרום;דָּרֹום
דרור;דְּרֹור
דריושׁ;דָּרְיָוֶשׁ
דרך;דרך
דרך;דֶּרֶךְ
דרכמון;דַּרְכְּמֹון
דרע;דְּרַע
דרע;דָּרַע
דרקון;דַּרְקֹון
דרשׁ;דרשׁ
דשׁא;דשׁא
דשׁא;דֶּשֶׁא
דשׁן;דשׁן
דשׁן;דֶּשֶׁן
דשׁן;דָּשֵׁן
דת;דָּת
דתא;דֶּתֶא
דתבר;דְּתָבַר
דתן;דָּתָן
דתן;דֹּתָן
ה;הֲ
הא;הֵא
הא;הָא
האח;הֶאָח
האחשׁתרי;הָאֲחַשְׁתָּרִי
הבהב;הַבְהָב
הבל;הבל
הבל;הֶבֶל
הבנים;הָבְנִים
הבר;הבר
הגא;הֵגֶא
הגה;הגה
הגה;הֶגֶה
הגות;הָגוּת
הגי;הֵגַי
הגיג;הָגִיג
הגיון;הִגָּיֹון
הגינה;הֲגִינָה
הגר;הָגָר
הגרי;הַגְרִי
הד;הֵד
הדבר;הַדָּבַר
הדד;הֲדַד
הדד רמון;הֲדַדְ־רִמֹּון
הדדעזר;הֲדַדְעֶזֶר
הדה;הדה
הדו;הֹדּוּ
הדורם;הֲדֹורָם
הדי;הִדַּי
הדך;הדך
הדם;הֲדֹם
הדם;הַדָּם
הדס;הֲדַס
הדסה;הֲדַסָּה
הדף;הדף
הדר;הדר
הדר;הֲדַר
הדר;הֶדֶר
הדר;הָדָר
הדרה;הֲדָרָה
הה;הָהּ
הו;הֹו
הוא;הוּא
הוד;הֹוד
הודוה;הֹודְוָה
הודויה;הֹודַוְיָה
הודויהו;הֹודַוְיָהוּ
הודיה;הֹודִיָּה
הוה;הַוָּה
הוה;הֹוָה
הוהם;הֹוהָם
הוי;הֹוי
הוללות;הֹולֵלוּת
הוללות;הֹולֵלֹות
הום;הום
הומם;הֹומָם
הון;הון
הון;הֹון
הורי;הֹורַי
הושׁמע;הֹושָׁמָע
הושׁע;הֹושֵׁעַ
הושׁעיה;הֹושַׁעְיָה
הות;הות
הותיר;הֹותִיר
הזה;הזה
הי;הִי
היא;הִיא
הידד;הֵידָד
הידות;הֻיְּדֹות
היך;הֵיךְ
היכל;הֵיכַל
היכל;הֵיכָל
הילל;הֵילֵל
הימם;הֵימָם
הימן;הֵימָן
הין;הִין
הכר;הכר
הכרה;הַכָּרָה
הלא;הלא
הלולים;הִלּוּלִים
הליך;הָלִיךְ
הליכה;הֲלִיכָה
הלך;הלך
הלך;הֲלָךְ
הלך;הֵלֶךְ
הלל;הלל
הלל;הִלֵּל
הלם;הלם
הלם;הֵלֶם
הלמות;הַלְמוּת
הם;הָם
המדתא;הַמְּדָתָא
המה;המה
המה;הֵמֶה
המון;הָמֹון
המונה;הֲמֹונָה
המיה;הֶמְיָה
המלה;הֲמֻלָּה
המם;המם
המן;הָמָן
המניך;הַמְנִיךְ
המס;הֶמֶס
הנחה;הֲנָחָה
הנם;הִנֹּם
הנע;הֵנַע
הנפה;הֲנָפָה
הסה;הסה
הסנאה;הַסְּנָאָה
הפוגה;הֲפוּגָה
הפך;הפך
הפך;הֵפֶךְ
הפכה;הֲפֵכָה
הפכפך;הֲפַכְפַּךְ
הצבבה;הַצֹּבֵבָה
הצלה;הַצָּלָה
הצללפוני;הַצְלֶלְפֹּונִי
הקוץ;הַקֹּוץ
הקטן;הַקָּטָן
הר;הַר
הר;הֹר
הרא;הָרָא
הראה;הָרֹאֶה
הראל;הַרְאֵל
הרג;הרג
הרג;הֶרֶג
הרגה;הֲרֵגָה
הרה;הרה
הרה;הָרָה
הרהר;הַרְהֹר
הרום;הָרוּם
הרון;הֵרֹון
הרורי;הֲרֹורִי
הריון;הֵרָיֹון
הריסה;הֲרִיסָה
הריסות;הֲרִיסוּת
הרם;הֹרָם
הרמון;הַרְמֹון
הרן;הָרָן
הרס;הרס
הרס;הֶרֶס
הררי;הֲרָרִי
השׁם;הָשֵׁם
השׁמעות;הַשְׁמָעוּת
התוך;הִתּוּךְ
התך;הֲתָךְ
התל;התל
התלים;הֲתֻלִים
ודן;וְדָן
והב;וָהֵב
וו;וָו
וזר;וָזָר
ויזתא;וַיְזָתָא
ולד;וָלָד
וניה;וַנְיָה
ופסי;וָפְסִי
ושׁני;וַשְׁנִי
ושׁתי;וַשְׁתִּי
זאב;זְאֵב
זבד;זבד
זבד;זֵבֶד
זבד;זָבָד
זבדי;זַבְדִּי
זבדיאל;זַבְדִּיאֵל
זבדיה;זְבַדְיָה
זבדיהו;זְבַדְיָהוּ
זבוב;זְבוּב
זבוד;זָבוּד
זבודה;זְבוּדָּה
זבולון;זְבוּלוּן
זבולני;זְבוּלֹנִי
זבח;זבח
זבח;זֶבַח
זבי;זַבַּי
זבידה;זבידה
זבינא;זְבִינָא
זבל;זבל
זבל;זְבֻל
זבן;זבן
זג;זָג
זד;זֵד
זדון;זָדֹון
זהב;זָהָב
זהיר;זְהִיר
זהם;זהם
זהם;זַהַם
זהר;זהר
זהר;זֹהַר
זו;זִו
זוב;זוב
זוב;זֹוב
זוזים;זוּזִים
זוחת;זֹוחֵת
זוית;זָוִית
זול;זול
זולה;זוּלָה
זון;זון
זוע;זוע
זועה;זְוָעָה
זור;זור
זזא;זָזָא
זחח;זחח
זחל;זחל
זחלת;זֹחֶלֶת
זיד;זיד
זידון;זֵידֹון
זיו;זִיו
זיז;זִיז
זיזא;זִיזָא
זיזה;זִיזָה
זינא;זִינָא
זיע;זִיעַ
זיף;זִיף
זיפה;זִיפָה
זיפי;זִיפִי
זית;זַיִת
זיתן;זֵיתָן
זך;זַךְ
זכה;זכה
זכו;זָכוּ
זכוכית;זְכֹוכִית
זכור;זְכוּר
זכור;זַכּוּר
זכי;זַכַּי
זכך;זכך
זכר;זכר
זכר;זֵכֶר
זכר;זֶכֶר
זכר;זָכָר
זכרון;זִכָּרֹון
זכרי;זִכְרִי
זכריה;זְכַרְיָה
זכריהו;זְכַרְיָהוּ
זלות;זֻלּוּת
זלזל;זַלְזַל
זלל;זלל
זלעפה;זַלְעָפָה
זלפה;זִלְפָּה
זמה;זִמָּה
זמורה;זְמֹורָה
זמזמים;זַמְזֻמִּים
זמיר;זָמִיר
זמירה;זְמִירָה
זמם;זמם
זמם;זְמָם
זמן;זמן
זמן;זְמָן
זמר;זמר
זמר;זְמָר
זמר;זֶמֶר
זמר;זַמָּר
זמרה;זִמְרָה
זמרי;זִמְרִי
זמרן;זִמְרָן
זן;זַן
זנב;זנב
זנב;זָנָב
זנה;זנה
זנה;זֹנָה
זנוח;זָנֹוחַ
זנונים;זְנוּנִים
זנות;זְנוּת
זנח;זנח
זנק;זנק
זעה;זֵעָה
זעון;זַעֲוָן
זעיר;זְעֵיר
זעך;זעך
זעם;זעם
זעם;זַעַם
זעף;זעף
זעף;זַעַף
זעף;זָעֵף
זעק;זעק
זעקה;זְעָקָה
זפרון;זִפְרֹון
זפת;זֶפֶת
זק;זֵק
זקן;זקן
זקן;זָקֵן
זקן;זָקָן
זקן;זֹקֶן
זקנה;זִקְנָה
זקנים;זְקֻנִים
זקף;זקף
זקק;זקק
זר;זֵר
זר;זָר
זרא;זָרָא
זרב;זרב
זרבבל;זְרֻבָּבֶל
זרד;זֶרֶד
זרה;זרה
זרוע;זְרֹועַ
זרוע;זֵרוּעַ
זרזיף;זַרְזִיף
זרזיר;זַרְזִיר
זרח;זרח
זרח;זֶרַח
זרחי;זַרְחִי
זרחיה;זְרַחְיָה
זרם;זרם
זרם;זֶרֶם
זרמה;זִרְמָה
זרע;זרע
זרע;זְרַע
זרע;זֵרֹעַ
זרע;זֶרַע
זרענים;זֵרְעֹנִים
זרק;זרק
זרר;זרר
זרשׁ;זֶרֶשׁ
זרת;זֶרֶת
זתוא;זַתּוּא
זתם;זֵתָם
זתר;זֵתַר
חב;חֹב
חבא;חבא
חבב;חבב
חבב;חֹבָב
חבה;חבה
חבה;חֻבָּה
חבולה;חֲבוּלָה
חבור;חָבֹור
חבורה;חַבּוּרָה
חבט;חבט
חביה;חֳבַיָּה
חביון;חֶבְיֹון
חבל;חבל
חבל;חֲבָל
חבל;חֲבֹל
חבל;חִבֵּל
חבל;חֵבֶל
חבל;חֶבֶל
חבל;חֹבֵל
חבלה;חֲבֹלָה
חבלים;חֹבְלִים
חבצלת;חֲבַצֶּלֶת
חבצניה;חֲבַצִּנְיָה
חבק;חבק
חבק;חִבֻּק
חבקוק;חֲבַקּוּק
חבר;חבר
חבר;חֲבַר
חבר;חֶבֶר
חבר;חַבָּר
חבר;חָבֵר
חברברות;חֲבַרְבֻּרֹות
חברה;חֶבְרָה
חברה;חַבְרָה
חברון;חֶבְרֹון
חברוני;חֶבְרֹונִי
חברי;חֶבְרִי
חברת;חֲבֶרֶת
חברת;חֹבֶרֶת
חבשׁ;חבשׁ
חבתים;חֲבִתִּים
חג;חַג
חגא;חָגָּא
חגב;חָגָב
חגבה;חֲגָבָה
חגג;חגג
חגו;חָגוּ
חגור;חֲגֹור
חגור;חָגֹור
חגורה;חֲגֹורָה
חגי;חַגִּי
חגי;חַגַּי
חגיה;חַגִּיָּה
חגית;חַגִּית
חגלה;חָגְלָה
חגר;חגר
חד;חַד
חדד;חדד
חדד;חֲדַד
חדה;חדה
חדה;חֲדֵה
חדוד;חַדּוּד
חדוה;חֶדְוָה
חדיד;חָדִיד
חדל;חדל
חדל;חֶדֶל
חדל;חָדֵל
חדלי;חַדְלַי
חדק;חֵדֶק
חדקל;חִדֶּקֶל
חדר;חדר
חדר;חֶדֶר
חדרך;חַדְרָךְ
חדשׁ;חדשׁ
חדשׁ;חָדָשׁ
חדשׁ;חֹדֶשׁ
חדשׁה;חֲדָשָׁה
חדת;חֲדַת
חוב;חוב
חוב;חֹוב
חובה;חֹובָה
חוג;חוג
חוג;חוּג
חוד;חוד
חוה;חוה
חוה;חַוָּה
חוזי;חֹוזַי
חוח;חֹוחַ
חוט;חוּט
חוי;חִוִּי
חוילה;חֲוִילָה
חול;חול
חול;חוּל
חול;חֹול
חום;חוּם
חומה;חֹומָה
חוס;חוס
חוף;חֹוף
חופם;חוּפָם
חופמי;חוּפָמִי
חוץ;חוּץ
חוקק;חוּקֹק
חור;חור
חור;חוּר
חור;חִוָּר
חורי;חוּרִי
חורי;חוּרַי
חורם;חוּרָם
חורן;חַוְרָן
חורנים;חֹורֹנַיִם
חושׁ;חושׁ
חושׁה;חוּשָׁה
חושׁי;חוּשַׁי
חושׁים;חוּשִׁים
חותם;חֹותָם
חזאל;חֲזָאֵל
חזה;חזה
חזה;חָזֶה
חזה;חֹזֶה
חזו;חֱזוּ
חזו;חֲזֹו
חזון;חָזֹון
חזות;חֲזֹות
חזות;חָזוּת
חזיאל;חֲזִיאֵל
חזיה;חֲזָיָה
חזיון;חִזָּיֹון
חזיון;חֶזְיֹון
חזיז;חֲזִיז
חזיר;חֲזִיר
חזיר;חֵזִיר
חזק;חזק
חזק;חֵזֶק
חזק;חָזֵק
חזק;חָזָק
חזק;חֹזֶק
חזקה;חֶזְקָה
חזקה;חָזְקָה
חזקי;חִזְקִי
חזקיה;חִזְקִיָּה
חח;חָח
חטא;חטא
חטא;חֲטָא
חטא;חֵטְא
חטא;חַטָּא
חטאה;חֲטָאָה
חטאה;חֶטְאָה
חטאה;חַטָּאָה
חטאת;חַטָּאת
חטב;חטב
חטבות;חֲטֻבֹות
חטה;חִטָּה
חטושׁ;חַטּוּשׁ
חטיטא;חֲטִיטָא
חטיל;חַטִּיל
חטיפא;חֲטִיפָא
חטם;חטם
חטף;חטף
חטר;חֹטֶר
חי;חַי
חיאל;חִיאֵל
חידה;חִידָה
חיה;חיה
חיה;חַיָּה
חיה;חָיֶה
חיוה;חֵיוָה
חיות;חַיּוּת
חיים;חַיִּים
חיין;חַיִּין
חיל;חיל
חיל;חִיל
חיל;חֵיל
חיל;חַיִל
חילה;חִילָה
חילז;חִילֵז
חילך;חֵילֵךְ
חילם;חֵילָם
חילן;חִילֵן
חין;חִין
חיץ;חַיִץ
חיצון;חִיצֹון
חיק;חֵיק
חירה;חִירָה
חירם;חִירָם
חישׁ;חִישׁ
חך;חֵךְ
חכה;חכה
חכה;חַכָּה
חכילה;חֲכִילָה
חכים;חַכִּים
חכליה;חֲכַלְיָה
חכליל;חַכְלִיל
חכלילות;חַכְלִילוּת
חכם;חכם
חכם;חָכָם
חכמה;חָכְמָה
חכמוני;חַכְמֹונִי
חל;חֹל
חלא;חלא
חלאה;חֶלְאָה
חלב;חֵלֶב
חלב;חָלָב
חלבה;חֶלְבָּה
חלבון;חֶלְבֹּון
חלבנה;חֶלְבְּנָה
חלד;חֵלֶד
חלד;חֶלֶד
חלד;חֹלֶד
חלדה;חֻלְדָּה
חלדי;חֶלְדַּי
חלה;חלה
חלה;חַלָּה
חלום;חֲלֹום
חלון;חַלֹּון
חלון;חֹלֹון
חלוף;חֲלֹוף
חלושׁה;חֲלוּשָׁה
חלח;חֲלַח
חלחול;חַלְחוּל
חלחלה;חַלְחָלָה
חלט;חלט
חלי;חֲלִי
חלי;חֳלִי
חליה;חֶלְיָה
חליל;חָלִיל
חלילה;חֲלִילָה
חליפה;חֲלִיפָה
חליצה;חֲלִיצָה
חלכה;חֵלְכָה
חלל;חלל
חלל;חָלָל
חלם;חלם
חלם;חֵלֶם
חלמות;חַלָּמוּת
חלמישׁ;חַלָּמִישׁ
חלן;חֵלֹן
חלף;חלף
חלף;חֵלֶף
חלץ;חלץ
חלץ;חֶלֶץ
חלצים;חֲלָצַיִם
חלק;חלק
חלק;חֲלָק
חלק;חֵלֶק
חלק;חַלֻּק
חלק;חָלָק
חלקה;חֲלֻקָּה
חלקה;חֶלְקָה
חלקי;חֶלְקִי
חלקי;חֶלְקָי
חלקיה;חִלְקִיָּה
חלקלק;חֲלַקְלַק
חלקת;חֶלְקַת
חלקת הצרים;חֶלְקַת הַצֻּרִים
חלשׁ;חלשׁ
חלשׁ;חַלָּשׁ
חם;חָם
חם;חֹם
חמאה;חֶמְאָה
חמד;חמד
חמד;חֶמֶד
חמדה;חֶמְדָּה
חמדות;חֲמֻדֹות
חמדן;חֶמְדָּן
חמה;חֲמָה
חמה;חֵמָה
חמה;חַמָּה
חמואל;חַמּוּאֵל
חמוטל;חֲמוּטַל
חמול;חָמוּל
חמולי;חָמוּלִי
חמון;חַמֹּון
חמוץ;חָמוּץ
חמוץ;חָמֹוץ
חמוק;חַמּוּק
חמור;חֲמֹור
חמות;חָמֹות
חמט;חֹמֶט
חמטה;חֻמְטָה
חמיטל;חֲמִיטַל
חמיץ;חָמִיץ
חמישׁי;חֲמִישִׁי
חמל;חמל
חמלה;חֶמְלָה
חמלה;חֻמְלָה
חמם;חמם
חמן;חַמָּן
חמס;חמס
חמס;חָמָס
חמץ;חמץ
חמץ;חָמֵץ
חמץ;חֹמֶץ
חמק;חמק
חמר;חמר
חמר;חֲמַר
חמר;חֵמָר
חמר;חֶמֶר
חמר;חֹמֶר
חמרן;חַמְרָן
חמשׁ;חמשׁ
חמשׁ;חָמֵשׁ
חמשׁ;חֹמֶשׁ
חמת;חֲמָת
חמת;חֵמֶת
חמת;חַמַּת
חמת דאר;חַמֹּת דֹּאר
חמתי;חֲמָתִי
חן;חֵן
חנדד;חֵנָדָד
חנה;חנה
חנה;חַנָּה
חנוך;חֲנֹוךְ
חנון;חַנּוּן
חנון;חָנוּן
חנות;חָנוּת
חנט;חנט
חנטה;חִנְטָה
חנטים;חֲנֻטִים
חניאל;חַנִּיאֵל
חניך;חָנִיךְ
חנינה;חֲנִינָה
חנית;חֲנִית
חנך;חנך
חנכה;חֲנֻכָּה
חנכי;חֲנֹכִי
חנם;חִנָּם
חנמאל;חֲנַמְאֵל
חנמל;חֲנָמַל
חנן;חנן
חנן;חָנָן
חננאל;חֲנַנְאֵל
חנני;חֲנָנִי
חנניה;חֲנַנְיָה
חנס;חָנֵס
חנף;חנף
חנף;חָנֵף
חנף;חֹנֶף
חנפה;חֲנֻפָּה
חנק;חנק
חנתן;חַנָּתֹן
חסד;חסד
חסד;חֶסֶד
חסדיה;חֲסַדְיָה
חסה;חסה
חסה;חֹסָה
חסות;חָסוּת
חסיד;חָסִיד
חסידה;חֲסִידָה
חסיל;חָסִיל
חסין;חֲסִין
חסיר;חַסִּיר
חסל;חסל
חסם;חסם
חסן;חסן
חסן;חֱסֵן
חסן;חָסֹן
חסן;חֹסֶן
חסף;חֲסַף
חספס;חספס
חסר;חסר
חסר;חֶסֶר
חסר;חָסֵר
חסר;חֹסֶר
חסרה;חַסְרָה
חסרון;חֶסְרֹון
חף;חַף
חפא;חפא
חפה;חפה
חפה;חֻפָּה
חפז;חפז
חפזון;חִפָּזֹון
חפים;חֻפִּים
חפן;חֹפֶן
חפני;חָפְנִי
חפף;חפף
חפץ;חפץ
חפץ;חֵפֶץ
חפץ;חָפֵץ
חפצי בה;חֶפְצִי־בָהּ
חפר;חפר
חפר;חֵפֶר
חפרי;חֶפְרִי
חפרים;חֲפָרַיִם
חפרע;חָפְרַע
חפרפרה;חֲפַרְפָּרָה
חפשׁ;חפשׁ
חפשׂ;חפשׂ
חפשׂ;חֵפֶשׂ
חפשׁ;חֹפֶשׁ
חפשׁה;חֻפְשָׁה
חפשׁות;חָפְשׁוּת
חפשׁי;חָפְשִׁי
חפשׁית;חָפְשִׁית
חץ;חֵץ
חצב;חצב
חצה;חצה
חצור;חָצֹור
חצור חדתה;חָצֹור חֲדַתָּה
חצות;חֲצֹות
חצי;חֲצִי
חצי;חֵצִי
חציר;חָצִיר
חצן;חֹצֶן
חצף;חצף
חצץ;חצץ
חצץ;חָצָץ
חצצון תמר;חַצְצֹון תָּמָר
חצצר;חצצר
חצצרה;חֲצֹצְרָה
חצר;חָצֵר
חצר אדר;חֲצַר־אַדָּר
חצר גדה;חֲצַר גַּדָּה
חצר התיכון;חָצֵר הַתִּיכֹון
חצר סוסה;חֲצַר סוּסָה
חצר סוסים;חֲצַר סוּסִים
חצר עינון;חֲצַר עֵינֹון
חצר עינן;חֲצַר עֵינָן
חצר שׁועל;חֲצַר שׁוּעָל
חצרו;חֶצְרֹו
חצרון;חֶצְרֹון
חצרוני;חֶצְרֹונִי
חצרות;חֲצֵרֹות
חצרי;חֶצְרַי
חצרמות;חֲצַרְמָוֶת
חק;חֹק
חקה;חקה
חקה;חֻקָּה
חקופא;חֲקוּפָא
חקק;חקק
חקר;חקר
חקר;חֵקֶר
חר;חֹר
חר הגדגד;חֹר הַגִּדְגָּד
חראים;חֲרָאִים
חרב;חרב
חרב;חֶרֶב
חרב;חָרֵב
חרב;חֹרֵב
חרב;חֹרֶב
חרבה;חָרְבָּה
חרבה;חָרָבָה
חרבון;חֲרָבֹון
חרבונא;חַרְבֹונָא
חרג;חרג
חרגל;חַרְגֹּל
חרד;חרד
חרד;חָרֵד
חרדה;חֲרָדָה
חרדי;חֲרֹדִי
חרה;חרה
חרהיה;חַרְהֲיָה
חרוזים;חֲרוּזִים
חרול;חָרוּל
חרומף;חֲרוּמַף
חרון;חָרֹון
חרופי;חֲרוּפִי
חרוץ;חָרוּץ
חרחור;חַרְחוּר
חרחס;חַרְחַס
חרחר;חַרְחֻר
חרט;חֶרֶט
חרטם;חַרְטֹם
חרטם;חַרְטֹּם
חרי;חֳרִי
חרי;חֹרִי
חריט;חָרִיט
חריף;חָרִיף
חריץ;חָרִיץ
חרישׁ;חָרִישׁ
חרישׁי;חֲרִישִׁי
חרך;חרך
חרך;חָרָךְ
חרם;חרם
חרם;חֳרֵם
חרם;חֵרֶם
חרם;חָרִם
חרמה;חָרְמָה
חרמון;חֶרְמֹון
חרמשׁ;חֶרְמֵשׁ
חרן;חָרָן
חרני;חֹרֹנִי
חרנפר;חַרְנֶפֶר
חרס;חֶרֶס
חרסית;חַרְסִית
חרף;חרף
חרף;חָרֵף
חרף;חֹרֶף
חרפה;חֶרְפָּה
חרץ;חרץ
חרץ;חֲרַץ
חרצב;חַרְצֹב
חרצן;חַרְצָן
חרק;חרק
חרר;חרר
חררים;חֲרֵרִים
חרשׁ;חרשׁ
חרשׁ;חֵרֵשׁ
חרשׁ;חֶרֶשׁ
חרשׂ;חֶרֶשׂ
חרשׁ;חָרָשׁ
חרשׁ;חֹרֶשׁ
חרשׁא;חַרְשָׁא
חרשׁה;חֹרְשָׁה
חרשׁת;חֲרֹשֶׁת
חרשׁת הגוים;חֲרֹשֶׁת הַגֹּויִם
חרת;חרת
חרת;חֶרֶת
חשׁב;חשׁב
חשׁב;חֵשֶׁב
חשׁבדנה;חַשְׁבַּדָּנָה
חשׁבה;חֲשֻׁבָה
חשׁבון;חִשָּׁבֹון
חשׁבון;חֶשְׁבֹּון
חשׁביה;חֲשַׁבְיָה
חשׁביהו;חֲשַׁבְיָהוּ
חשׁבנה;חֲשַׁבְנָה
חשׁבניה;חֲשַׁבְנְיָה
חשׁה;חשׁה
חשׁוב;חַשּׁוּב
חשׁוך;חֲשֹׁוךְ
חשׂופא;חֲשׂוּפָא
חשׁח;חשׁח
חשׁחה;חַשְׁחָה
חשׁחו;חַשְׁחוּ
חשׂיף;חָשִׂיף
חשׁך;חשׁך
חשׂך;חשׂך
חשׁך;חָשֹׁךְ
חשׁך;חֹשֶׁךְ
חשׁכה;חֲשֵׁכָה
חשׁל;חשׁל
חשׁם;חָשֻׁם
חשׁם;חֻשָׁם
חשׁמון;חֶשְׁמֹון
חשׁמל;חַשְׁמַל
חשׁמן;חַשְׁמַן
חשׁמנה;חַשְׁמֹנָה
חשׁן;חֹשֶׁן
חשׂף;חשׂף
חשׁק;חשׁק
חשׁק;חִשֻּׁק
חשׁק;חֵשֶׁק
חשׁר;חִשֻּׁר
חשׁרה;חַשְׁרָה
חשׁשׁ;חֲשַׁשׁ
חשׁתי;חֻשָׁתִי
חת;חֵת
חת;חַת
חתה;חתה
חתה;חִתָּה
חתול;חִתּוּל
חתחת;חַתְחַת
חתי;חִתִּי
חתית;חִתִּית
חתך;חתך
חתל;חתל
חתלה;חֲתֻלָּה
חתלן;חֶתְלֹן
חתם;חתם
חתמת;חֹתֶמֶת
חתן;חתן
חתן;חָתָן
חתנה;חֲתֻנָּה
חתף;חתף
חתף;חֶתֶף
חתר;חתר
חתת;חתת
חתת;חֲתַת
טאב;טאב
טאטא;טאטא
טב;טָב
טבאל;טָֽבְאֵל
טבאל;טָֽבְאַל
טבול;טְבוּל
טבור;טַבּוּר
טבח;טבח
טבח;טֶבַח
טבח;טַבַּח
טבח;טַבָּח
טבחה;טִבְחָה
טבחה;טַבָּחָה
טבחת;טִבְחַת
טבל;טבל
טבליהו;טְבַלְיָהוּ
טבע;טבע
טבעות;טַבָּעֹות
טבעת;טַבַּעַת
טברמן;טַבְרִמֹּן
טבת;טֵבֵת
טבת;טַבָּת
טהור;טָהֹור
טהר;טהר
טהר;טֹהַר
טהרה;טָהֳרָה
טוב;טוב
טוב;טוּב
טוב;טֹוב
טוב אדוניה;טֹוב אֲדֹונִיָּה
טוביה;טֹובִיָּה
טוביהו;טֹובִיָּהוּ
טוה;טוה
טוח;טוח
טוטפות;טֹוטָפֹות
טול;טול
טור;טוּר
טושׂ;טושׂ
טות;טְוָת
טחה;טחה
טחון;טְחֹון
טחות;טֻחֹות
טחח;טחח
טחן;טחן
טחנה;טַחֲנָה
טחרים;טְחֹרִים
טיח;טִיחַ
טיט;טִיט
טין;טִין
טירה;טִירָה
טל;טַל
טלא;טלא
טלאים;טְלָאִים
טלה;טָלֶה
טלטלה;טַלְטֵלָה
טלל;טלל
טלם;טֶלֶם
טלמון;טַלְמֹון
טמא;טמא
טמא;טָמֵא
טמאה;טֻמְאָה
טמה;טמה
טמן;טמן
טנא;טֶנֶא
טנף;טנף
טעה;טעה
טעם;טעם
טעם;טְעֵם
טעם;טַעַם
טען;טען
טף;טַף
טפח;טפח
טפח;טֶפַח
טפח;טֹפַח
טפחה;טַפְחָה
טפחים;טִפֻּחִים
טפל;טפל
טפסר;טִפְסָר
טפף;טפף
טפר;טְפַר
טפשׁ;טפשׁ
טפת;טָפַת
טרד;טרד
טרום;טְרֹום
טרח;טרח
טרח;טֹרַח
טרי;טָרִי
טרם;טֶרֶם
טרף;טרף
טרף;טֶרֶף
טרף;טָרָף
טרפה;טְרֵפָה
טרפלי;טַרְפְּלָי
יאב;יאב
יאה;יאה
יאזניה;יַאֲזַנְיָה
יאיר;יָאִיר
יאל;יאל
יאר;יְאֹר
יארי;יָאִרִי
יאשׁ;יאשׁ
יאשׁיה;יֹאשִׁיָּה
יאשׁיהו;יֹאשִׁיָּהוּ
יאתרי;יְאָתְרַי
יבב;יבב
יבול;יְבוּל
יבוס;יְבוּס
יבוסי;יְבוּסִי
יבחר;יִבְחָר
יבין;יָבִין
יבל;יבל
יבל;יָבָל
יבלעם;יִבְלְעָם
יבלת;יַבֶּלֶת
יבם;יבם
יבם;יָבָם
יבמה;יְבָמָה
יבנאל;יַבְנְאֵל
יבנה;יַבְנֵה
יבניה;יִבְנְיָה
יבניה;יִבְנִיָּה
יבק;יַבֹּק
יברכיהו;יְבֶרֶכְיָהוּ
יבשׁ;יבשׁ
יבשׁ;יָבֵשׁ
יבשׁה;יַבְּשָׁה
יבשׁה;יַבָּשָׁה
יבשׂם;יִבְשָׂם
יבשׁת;יַבֶּשֶׁת
יגאל;יִגְאָל
יגב;יגב
יגב;יָגֵב
יגבהה;יָגְבֳּהָה
יגדליהו;יִגְדַּלְיָהוּ
יגה;יגה
יגון;יָגֹון
יגור;יָגוּר
יגור;יָגֹור
יגיע;יְגִיעַ
יגיע;יָגִיעַ
יגיעה;יְגִיעָה
יגלי;יָגְלִי
יגע;יגע
יגע;יָגֵעַ
יגע;יָגָע
יגר;יגר
יגר;יְגַר
יד;יַד
יד;יָד
ידאלה;יִדְאֲלָה
ידבשׁ;יִדְבָּשׁ
ידד;ידד
ידדות;יְדִדוּת
ידה;ידה
ידו;יִדֹּו
ידון;יָדֹון
ידוע;יַדּוּעַ
ידותון;יְדוּתוּן
ידי;יַדַּי
ידיד;יָדִיד
ידידה;יְדִידָה
ידידות;יְדִידֹות
ידידיה;יְדִידְיָהּ
ידיה;יְדָיָה
ידיעאל;יְדִיעֲאֵל
ידיתון;יְדִיתוּן
ידלף;יִדְלָף
ידע;ידע
ידע;יָדָע
ידעיה;יְדַעְיָה
ידעני;יִדְּעֹנִי
יה;יָהּ
יהב;יהב
יהב;יְהָב
יהד;יהד
יהדי;יָהְדָּי
יהוא;יֵהוּא
יהואחז;יְהֹואָחָז
יהואשׁ;יְהֹואָשׁ
יהוד;יְהוּד
יהודה;יְהוּדָה
יהודי;יְהוּדִי
יהודי;יְהוּדָי
יהודית;יְהוּדִית
יהוה;יהוה
יהוזבד;יְהֹוזָבָד
יהוחנן;יְהֹוחָנָן
יהוידע;יְהֹויָדָע
יהויכין;יְהֹויָכִין
יהויקים;יְהֹויָקִים
יהויריב;יְהֹויָרִיב
יהוכל;יְהוּכַל
יהונדב;יְהֹונָדָב
יהונתן;יְהֹונָתָן
יהועדה;יְהֹועַדָּה
יהועדין;יְהֹועַדִּין
יהועדן;יְהֹועַדָּן
יהוצדק;יְהֹוצָדָק
יהורם;יְהֹורָם
יהושׁבע;יְהֹושֶׁבַע
יהושׁע;יְהֹושֻׁעַ
יהושׁפט;יְהֹושָׁפָט
יהיר;יָהִיר
יהללאל;יְהַלֶּלְאֵל
יהלם;יָהֲלֹם
יהץ;יַהַץ
יואב;יֹואָב
יואח;יֹואָח
יואל;יֹואֵל
יוב;יֹוב
יובב;יֹובָב
יובל;יוּבַל
יובל;יֹובֵל
יוחא;יֹוחָא
יוכבד;יֹוכֶבֶד
יום;יֹום
יומם;יֹומָם
יון;יָוֵן
יון;יָוָן
יונה;יֹונָה
יוני;יְוָנִי
יונק;יֹונֵק
יונקת;יֹונֶקֶת
יוסף;יֹוסֵף
יוספיה;יֹוסִפְיָה
יועאלה;יֹועֵאלָה
יועד;יֹועֵד
יועזר;יֹועֶזֶר
יועשׁ;יֹועָשׁ
יוצר;יֹוצֵר
יוקים;יֹוקִים
יורה;יֹורֶה
יורה;יֹורָה
יורי;יֹורַי
יושׁב חסד;יוּשַׁב חֶסֶד
יושׁביה;יֹושִׁבְיָה
יושׁה;יֹושָׁה
יושׁויה;יֹושַׁוְיָה
יותם;יֹותָם
יותר;יֹותֵר
יזב;יזב
יזיאל;יְזִיאֵל
יזיה;יִזִּיָּה
יזיז;יָזִיז
יזליאה;יִזְלִיאָה
יזן;יזן
יזע;יֶזַע
יזרח;יִזְרָח
יזרחיה;יִזְרַחְיָה
יזרעאל;יִזְרְעֶאל
יזרעאלי;יִזְרְעֵאלִי
יחד;יחד
יחד;יַחַד
יחדו;יַחְדָּו
יחדו;יַחְדֹּו
יחדיאל;יַחְדִּיאֵל
יחדיהו;יֶחְדְּיָהוּ
יחזיאל;יַחֲזִיאֵל
יחזיה;יַחְזְיָה
יחזקאל;יְחֶזְקֵאל
יחזקיה;יְחִזְקִיָּה
יחזרה;יַחְזֵרָה
יחט;יחט
יחיאל;יְחִיאֵל
יחיאלי;יְחִיאֵלִי
יחיד;יָחִיד
יחיה;יְחִיָּה
יחיל;יָחִיל
יחלאל;יַחְלְאֵל
יחלאלי;יַחְלְאֵלִי
יחם;יחם
יחמור;יַחְמוּר
יחמי;יַחְמַי
יחף;יָחֵף
יחצאל;יַחְצְאֵל
יחצאלי;יַחְצְאֵלִי
יחשׂ;יחשׂ
יחשׂ;יַחַשׂ
יחת;יַחַת
יטב;יטב
יטבה;יָטְבָה
יטבתה;יָטְבָתָה
יטה;יֻטָּה
יטור;יְטוּר
יין;יַיִן
יכח;יכח
יכיליה;יְכִילְיָה
יכין;יָכִין
יכיני;יָכִינִי
יכל;יכל
יכליהו;יְכָלְיָהוּ
ילד;ילד
ילד;יֶלֶד
ילדה;יַלְדָּה
ילדות;יַלְדוּת
ילוד;יִלֹּוד
ילון;יָלֹון
יליד;יָלִיד
ילל;ילל
ילל;יְלֵל
יללה;יְלָלָה
ילפת;יַלֶּפֶת
ילק;יֶלֶק
ילקוט;יַלְקוּט
ים;יַם
ים;יָם
ים סוף;יָם־סוּף
ימואל;יְמוּאֵל
ימימה;יְמִימָה
ימין;יָמִין
ימיני;יְמִינִי
ימיני;יָמִינִי
ימלה;יִמְלָה
ימלך;יַמְלֵךְ
ימם;יֵמִם
ימן;ימן
ימנה;יִמְנָה
ימני;יְמָנִי
ימנע;יִמְנָע
ימר;ימר
ימרה;יִמְרָה
ינה;ינה
ינוח;יָנֹוחַ
ינום;יָנוּם
יניקה;יְנִיקָה
ינק;ינק
ינשׁוף;יַנְשֹׁוף
יסד;יסד
יסד;יְסֻד
יסוד;יְסֹוד
יסודה;יְסוּדָה
יסור;יִסֹּור
יסך;יסך
יסכה;יִסְכָּה
יסמכיהו;יִסְמַכְיָהוּ
יסף;יסף
יסר;יסר
יע;יָע
יעבץ;יַעְבֵּץ
יעד;יעד
יעדו;יֶעְדֹּו
יעדי;יעדי
יעה;יעה
יעואל;יְעוּאֵל
יעוץ;יְעוּץ
יעור;יעור
יעושׁ;יְעוּשׁ
יעז;יעז
יעזיאל;יַעֲזִיאֵל
יעזיהו;יַעֲזִיָּהוּ
יעזר;יַעְזֵר
יעט;יעט
יעיאל;יְעִיאֵל
יעיר;יָעִיר
יעישׁ;יעישׁ
יעכן;יַעְכָּן
יעל;יעל
יעל;יָעֵל
יעלא;יַעְלָא
יעלה;יַעֲלָה
יעלם;יַעְלָם
יען;יַעַן
יען;יָעֵן
יענה;יַעֲנָה
יעני;יַעְנַי
יעף;יעף
יעף;יְעָף
יעף;יָעֵף
יעץ;יעץ
יעקב;יַעֲקֹב
יעקבה;יַעֲקֹבָה
יעקן;יַעֲקָן
יער;יַעַר
יערה;יַעְרָה
יערי ארגים;יַעְרֵי אֹרְגִים
יערשׁיה;יַעֲרֶשְׁיָה
יעשׂי;יַעֲשָׂי
יעשׂיאל;יַעֲשִׂיאֵל
יפדיה;יִפְדְיָה
יפה;יפה
יפה;יָפֶה
יפו;יָפֹו
יפח;יפח
יפח;יָפֵחַ
יפי;יֳפִי
יפיע;יָפִיעַ
יפיפיה;יְפֵיפִיָּה
יפלט;יַפְלֵט
יפלטי;יַפְלֵטִי
יפנה;יְפֻנֶּה
יפע;יפע
יפעה;יִפְעָה
יפת;יֶפֶת
יפתח;יִפְתָּח
יפתח אל;יִפְתַּח־אֵל
יצא;יצא
יצב;יצב
יצג;יצג
יצהר;יִצְהָר
יצהרי;יִצְהָרִי
יצוע;יָצוּעַ
יצחק;יִצְחָק
יציא;יָצִיא
יציב;יַצִּיב
יציע;יָצִיעַ
יצע;יצע
יצק;יצק
יצקה;יְצֻקָה
יצר;יצר
יצר;יֵצֶר
יצרי;יִצְרִי
יצרים;יְצֻרִים
יצת;יצת
יקב;יֶקֶב
יקב זאב;יֶקֶב־זְאֵב
יקבצאל;יְקַּבְצְאֵל
יקד;יקד
יקד;יְקֹד
יקדה;יְקֵדָה
יקדעם;יָקְדְעָם
יקה;יָקֶה
יקהה;יְקָהָה
יקוד;יָקוּד
יקום;יְקוּם
יקושׁ;יָקֹושׁ
יקותיאל;יְקוּתִיאֵל
יקטן;יָקְטָן
יקים;יָקִים
יקיר;יַקִּיר
יקמיה;יְקַמְיָה
יקמעם;יְקַמְעָם
יקמעם;יָקְמְעָם
יקנעם;יָקְנְעָם
יקע;יקע
יקץ;יקץ
יקר;יקר
יקר;יְקָר
יקר;יָקָר
יקשׁ;יקשׁ
יקשׁן;יָקְשָׁן
יקתאל;יָקְתְאֵל
ירא;ירא
ירא;יָרֵא
יראה;יִרְאָה
יראון;יִרְאֹון
יראייה;יִרְאִיָּיה
ירב;יָרֵב
ירבעל;יְרֻבַּעַל
ירבעם;יָרָבְעָם
ירבשׁת;יְרֻבֶּשֶׁת
ירד;ירד
ירד;יֶרֶד
ירדן;יַרְדֵּן
ירה;ירה
ירואל;יְרוּאֵל
ירוח;יָרֹוחַ
ירוק;יָרֹוק
ירושׁא;יְרוּשָׁא
ירושׁלם;יְרוּשְׁלֶם
ירושׁלם;יְרוּשָׁלַ͏ִם
ירח;יְרַח
ירח;יֶרַח
ירח;יָרֵחַ
ירחו;יְרִחֹו
ירחם;יְרֹחָם
ירחמאל;יְרַחְמְאֵל
ירחמאלי;יְרַחְמְאֵלִי
ירחע;יַרְחָע
ירט;ירט
יריאל;יְרִיאֵל
יריב;יָרִיב
יריבי;יְרִיבַי
יריה;יְרִיָּה
יריהו;יְרִיָּהוּ
ירימות;יְרִימֹות
יריעה;יְרִיעָה
יריעות;יְרִיעֹות
ירך;יָרֵךְ
ירכה;יְרֵכָה
ירכה;יַרְכָה
ירמות;יְרֵמֹות
ירמות;יַרְמוּת
ירמי;יְרֵמַי
ירמיה;יִרְמְיָה
ירע;ירע
ירפאל;יִרְפְּאֵל
ירק;ירק
ירק;יֶרֶק
ירק;יָרָק
ירקון;יֵרָקֹון
ירקעם;יָרְקֳעָם
ירקרק;יְרַקְרַק
ירשׁ;ירשׁ
ירשׁה;יְרֵשָׁה
ירשׁה;יְרֻשָּׁה
ישׁב;ישׁב
ישׁב בשׁבת;יֹשֵׁב בַּשֶּׁבֶת
ישׁבאב;יֶשֶׁבְאָב
ישׁבו;יִשְׁבֹּו
ישׁבח;יִשְׁבָּח
ישׁבי בנב;יִשְׁבִּי בְּנֹב
ישׁבי לחם;יָשֻׁבִי לֶחֶם
ישׁבעם;יָשָׁבְעָם
ישׁבק;יִשְׁבָּק
ישׁבקשׁה;יָשְׁבְּקָשָׁה
ישׁוב;יָשׁוּב
ישׁובי;יָשׁוּבִי
ישׁוה;יִשְׁוָה
ישׁוחיה;יְשֹׁוחָיָה
ישׁוי;יִשְׁוִי
ישׁוע;יֵשׁוּעַ
ישׁועה;יְשׁוּעָה
ישׁח;יֶשַׁח
ישׁט;ישׁט
ישׁי;יִשַׁי
ישׁיב;ישׁיב
ישׁיה;יִשִּׁיָּה
ישׁיהו;יִשִּׁיָּהוּ
ישׂימאל;יְשִׂימִאֵל
ישׁימון;יְשִׁימֹון
ישׁימות;ישׁימות
ישׁישׁ;יָשִׁישׁ
ישׁישׁי;יְשִׁישַׁי
ישׁם;ישׁם
ישׂם;ישׂם
ישׁמא;יִשְׁמָא
ישׁמעאל;יִשְׁמָעֵאל
ישׁמעאלי;יִשְׁמְעֵאלִי
ישׁמעיה;יִשְׁמַעְיָה
ישׁמעיהו;יִשְׁמַעְיָהוּ
ישׁמרי;יִשְׁמְרַי
ישׁן;ישׁן
ישׁן;יָשֵׁן
ישׁן;יָשָׁן
ישׁנה;יְשָׁנָה
ישׁע;ישׁע
ישׁע;יֵשַׁע
ישׁעי;יִשְׁעִי
ישׁעיה;יְשַׁעְיָה
ישׁעיהו;יְשַׁעְיָהוּ
ישׁפה;יִשְׁפָּה
ישׁפה;יָשְׁפֵה
ישׁפן;יִשְׁפָּן
ישׁר;ישׁר
ישׁר;יֵשֶׁר
ישׁר;יָשָׁר
ישׁר;יֹשֶׁר
ישׂראל;יִשְׂרָאֵל
ישׂראלה;יְשַׂרְאֵלָה
ישׂראלי;יִשְׂרְאֵלִי
ישׁרה;יִשְׁרָה
ישׁרון;יְשֻׁרוּן
ישׁשׁ;יָשֵׁשׁ
ישׂשכר;יִשָּׂשכָר
ית;יָת
יתב;יתב
יתד;יָתֵד
יתום;יָתֹום
יתלה;יִתְלָה
יתמה;יִתְמָה
יתניאל;יַתְנִיאֵל
יתנן;יִתְנָן
יתר;יתר
יתר;יֶתֶר
יתר;יַתִּר
יתרה;יִתְרָה
יתרו;יִתְרֹו
יתרון;יִתְרֹון
יתרי;יִתְרִי
יתרן;יִתְרָן
יתרעם;יִתְרְעָם
יתרת;יֹתֶרֶת
יתת;יְתֵת
כאב;כאב
כאב;כְּאֵב
כאה;כאה
כאה;כָּאֶה
כבד;כבד
כבד;כָּבֵד
כבד;כֹּבֶד
כבדת;כְּבֵדֻת
כבה;כבה
כבוד;כָּבֹוד
כבודה;כְּבוּדָּה
כבול;כָּבוּל
כבון;כַּבֹּון
כביר;כַּבִּיר
כביר;כָּבִיר
כבל;כֶּבֶל
כבס;כבס
כבר;כבר
כבר;כְּבָר
כברה;כְּבָרָה
כבשׁ;כבשׁ
כבשׁ;כֶּבֶשׁ
כבשׂ;כֶּבֶשׂ
כבשׂה;כִּבְשָׂה
כבשׁן;כִּבְשָׁן
כד;כַּד
כדבה;כִּדְבָה
כדכד;כַּדְכֹּד
כדרלעמר;כְּדָרְלָעֹמֶר
כהה;כהה
כהה;כֵּהֶה
כהה;כֵּהָה
כהל;כהל
כהן;כהן
כהן;כָּהֵן
כהן;כֹּהֵן
כהנה;כְּהֻנָּה
כוב;כּוּב
כובע;כֹּובַע
כוה;כוה
כוה;כַּוָּה
כויה;כְּוִיָּה
כוכב;כֹּוכָב
כול;כול
כומז;כּוּמָז
כון;כון
כון;כּוּן
כון;כַּוָּן
כוס;כֹּוס
כור;כּוּר
כורשׁ;כֹּורֶשׁ
כושׁ;כּוּשׁ
כושׁי;כּוּשִׁי
כושׁן;כּוּשָׁן
כושׁן רשׁעתים;כּוּשַׁן רִשְׁעָתַיִם
כושׁרה;כֹּושָׁרָה
כות;כּוּת
כזב;כזב
כזב;כָּזָב
כזבא;כֹּזֵבָא
כזבי;כָּזְבִּי
כזיב;כְּזִיב
כח;כֹּחַ
כחד;כחד
כחל;כחל
כחשׁ;כחשׁ
כחשׁ;כֶּחָשׁ
כחשׁ;כַּחַשׁ
כיד;כִּיד
כידוד;כִּידֹוד
כידון;כִּידֹון
כידור;כִּידֹור
כיון;כִּיּוּן
כיור;כִּיֹּור
כילי;כִּילַי
כילף;כֵּילָף
כימה;כִּימָה
כיס;כִּיס
כיר;כִּיר
כישׁור;כִּישֹׁור
ככר;כִּכָּר
ככר;כַּכַּר
כל חזה;כָּל־חֹזֶה
כלא;כלא
כלא;כֶּלֶא
כלאב;כִּלְאָב
כלאים;כִּלְאַיִם
כלב;כֶּלֶב
כלב;כָּלֵב
כלבי;כָּלִבִּי
כלה;כלה
כלה;כַּלָּה
כלה;כָּלֶה
כלה;כָּלָה
כלהי;כלהי
כלוא;כְּלוּא
כלוב;כְּלוּב
כלובי;כְּלוּבַי
כלוהו;כְּלוּהוּ
כלולות;כְּלוּלֹות
כלח;כֶּלַח
כלי;כְּלִי
כליא;כְּלִיא
כליה;כִּלְיָה
כליון;כִּלְיֹון
כליון;כִּלָּיֹון
כליל;כָּלִיל
כלכל;כַּלְכֹּל
כלל;כלל
כלל;כְּלָל
כלם;כלם
כלמד;כִּלְמַד
כלמה;כְּלִמָּה
כלמות;כְּלִמּוּת
כלנה;כַּלְנֵה
כמה;כמהּ
כמהם;כִּמְהָם
כמושׁ;כְּמֹושׁ
כמן;כַּמֹּן
כמס;כמס
כמר;כמר
כמר;כֹּמֶר
כנה;כנה
כנה;כַּנֵּה
כנה;כַּנָּה
כנור;כִּנֹּור
כנם;כִּנָּם
כנני;כְּנָנִי
כנניה;כְּנַנְיָה
כנס;כנס
כנע;כנע
כנעה;כִּנְעָה
כנען;כְּנַעַן
כנענה;כְּנַעֲנָה
כנעני;כְּנַעֲנִי
כנף;כנף
כנף;כָּנָף
כנרת;כִּנֶּרֶת
כנשׁ;כנשׁ
כנת;כְּנָת
כסא;כִּסֵּא
כסא;כֶּסֶא
כסה;כסה
כסוי;כָּסוּי
כסות;כְּסוּת
כסח;כסח
כסיל;כְּסִיל
כסילות;כְּסִילוּת
כסל;כסל
כסל;כֶּסֶל
כסלה;כִּסְלָה
כסלו;כִּסְלֵו
כסלון;כְּסָלֹון
כסלון;כִּסְלֹון
כסלות;כְּסֻלֹּות
כסלחים;כַּסְלֻחִים
כסלת תבור;כִּסְלֹת תָּבֹור
כסם;כסם
כסמת;כֻּסֶּמֶת
כסס;כסס
כסף;כסף
כסף;כְּסַף
כסף;כֶּסֶף
כספיא;כָּסִפְיָא
כסת;כֶּסֶת
כען;כְּעַן
כענת;כְּעֶנֶת
כעס;כעס
כעס;כַּעַס
כף;כֵּף
כף;כַּף
כפה;כפה
כפה;כִּפָּה
כפור;כְּפֹור
כפיס;כָּפִיס
כפיר;כְּפִיר
כפירה;כְּפִירָה
כפירים;כְּפִירִים
כפל;כפל
כפל;כֶּפֶל
כפן;כפן
כפן;כָּפָן
כפר;כפר
כפר;כָּפָר
כפר;כֹּפֶר
כפר העמנה;כְּפַר הָעַמֹּנָה
כפרים;כִּפֻּרִים
כפרת;כַּפֹּרֶת
כפת;כפת
כפתור;כַּפְתֹּור
כפתרים;כַּפְתֹּרִים
כר;כַּר
כר;כֹּר
כרבל;כרבל
כרבלה;כַּרְבְּלָה
כרה;כרה
כרה;כֵּרָה
כרוב;כְּרוּב
כרוז;כָּרוֹז
כרז;כרז
כרי;כָּרִי
כרית;כְּרִית
כריתות;כְּרִיתוּת
כרכב;כַּרְכֹּב
כרכם;כַּרְכֹּם
כרכמישׁ;כַּרְכְּמִישׁ
כרכס;כַּרְכַּס
כרכרה;כִּרְכָּרָה
כרם;כֶּרֶם
כרם;כֹּרֵם
כרמי;כַּרְמִי
כרמיל;כַּרְמִיל
כרמל;כַּרְמֶל
כרמלי;כַּרְמְלִי
כרן;כְּרָן
כרסא;כָּרְסֵא
כרסם;כרסם
כרע;כרע
כרעים;כְּרָעַיִם
כרפס;כַּרְפַּס
כרר;כרר
כרשׂ;כָּרֵשׂ
כרשׁנא;כַּרְשְׁנָא
כרת;כרת
כרתות;כְּרֻתֹות
כרתי;כְּרֵתִי
כשׂב;כֶּשֶׂב
כשׂבה;כִּשְׂבָּה
כשׂד;כֶּשֶׂד
כשׂדי;כַּשְׂדָּי
כשׂדים;כַּשְׂדִּים
כשׂה;כשׂה
כשׁיל;כַּשִּׁיל
כשׁל;כשׁל
כשׁלון;כִּשָּׁלֹון
כשׁף;כשׁף
כשׁף;כֶּשֶׁף
כשׁף;כַּשָּׁף
כשׁר;כשׁר
כשׁרון;כִּשְׁרֹון
כתב;כתב
כתב;כְּתָב
כתבת;כְּתֹבֶת
כתיים;כִּתִּיִּים
כתית;כָּתִית
כתל;כְּתַל
כתל;כֹּתֶל
כתלישׁ;כִּתְלִישׁ
כתם;כתם
כתם;כֶּתֶם
כתנת;כֻּתֹּנֶת
כתף;כָּתֵף
כתר;כתר
כתר;כֶּתֶר
כתרת;כֹּתֶרֶת
כתשׁ;כתשׁ
כתת;כתת
לא דבר;לֹא דְבָר
לא עמי;לֹא עַמִּי
לא רחמה;לֹא רֻחָמָה
לאה;לֵאָה
לאל;לָאֵל
לאם;לְאֹם
לאמים;לְאֻמִּים
לב;לֵב
לבאה;לִבְאָה
לבאות;לְבָאֹות
לבב;לבב
לבב;לְבַב
לבב;לֵבָב
לבבה;לְבִבָה
לבושׁ;לְבוּשׁ
לביא;לָבִיא
לבן;לָבָן
לבנה;לְבֵנָה
לבנה;לִבְנֶה
לבנה;לִבְנָה
לבנון;לְבָנֹון
לבני;לִבְנִי
לבשׁ;לבשׁ
לג;לֹג
לד;לֹד
לדה;לֵדָה
להב;לַהַב
להבה;לֶהָבָה
להבים;לְהָבִים
להג;לַהַג
להד;לָהַד
להה;להה
להה;לההּ
להטים;לְהָטִים
להקה;לַהֲקָה
לוב;לוּב
לוד;לוּד
לודים;לוּדִים
לוה;לוה
לוז;לוּז
לוח;לוּחַ
לוחית;לוּחִית
לוחשׁ;לֹוחֵשׁ
לוט;לוט
לוט;לֹוט
לוטן;לֹוטָן
לוי;לֵוִי
לוי;לֵוָי
לויה;לִוְיָה
לויתן;לִוְיָתָן
לול;לוּל
לולא;לוּלֵא
לולאה;לוּלָאָה
לון;לון
לושׁ;לושׁ
לושׁ;לוּשׁ
לזות;לָזוּת
לח;לֵחַ
לח;לַח
לחום;לְחוּם
לחי;לְחִי
לחך;לחך
לחם;לחם
לחם;לְחֶם
לחם;לֶחֶם
לחם;לָחֶם
לחמי;לַחְמִי
לחמס;לַחְמָס
לחנה;לְחֵנָה
לחץ;לחץ
לחץ;לַחַץ
לחשׁ;לחשׁ
לחשׁ;לַחַשׁ
לט;לָט
לט;לֹט
לטאה;לְטָאָה
לטושׁים;לְטוּשִׁים
לטשׁ;לטשׁ
ליה;לֹיָה
לילה;לַיְלָה
לילי;לֵילֵי
לילית;לִילִית
לין;לין
ליץ;ליץ
לישׁ;לַיִשׁ
לישׁה;לַיְשָׁה
לכד;לכד
לכד;לֶכֶד
לכה;לֵכָה
לכישׁ;לָכִישׁ
למד;למד
למואל;לְמוּאֵל
למוד;לִמּוּד
למך;לֶמֶךְ
לע;לֹעַ
לעב;לעב
לעג;לעג
לעג;לַעַג
לעג;לָעֵג
לעדה;לַעְדָּה
לעדן;לַעְדָּן
לעז;לעז
לעט;לעט
לענה;לַעֲנָה
לעע;לעע
לפיד;לַפִּיד
לפידות;לַפִּידֹות
לפת;לפת
לצון;לָצֹון
לקום;לַקּוּם
לקח;לֶקַח
לקחי;לִקְחִי
לקט;לקט
לקט;לֶקֶט
לקק;לקק
לקשׁ;לקשׁ
לקשׁ;לֶקֶשׁ
לשׁד;לָשָׁד
לשׁון;לָשֹׁון
לשׁכה;לִשְׁכָּה
לשׁם;לֶשֶׁם
לשׁן;לשׁן
לשׁן;לִשָּׁן
לשׁע;לֶשַׁע
לתך;לֵתֶךְ
מאבוס;מַאֲבוּס
מאה;מֵאָה
מאוי;מַאֲוַי
מאומה;מְאוּמָה
מאוס;מָאֹוס
מאור;מָאֹור
מאורה;מְאוּרָה
מאזנא;מֹאזְנֵא
מאזנים;מֹאזְנַיִם
מאכל;מַאֲכָל
מאכלת;מַאֲכֶלֶת
מאכלת;מַאֲכֹלֶת
מאמץ;מַאֲמָץ
מאמר;מֵאמַר
מאמר;מַאֲמָר
מאן;מאן
מאן;מָאן
מאס;מאס
מאפה;מַאֲפֶה
מאפל;מַאֲפֵל
מאפליה;מַאְפֵּלְיָה
מאר;מאר
מארב;מַאֲרָב
מארה;מְאֵרָה
מבדלה;מִבְדָּלָה
מבוא;מָבֹוא
מבוכה;מְבוּכָה
מבול;מַבּוּל
מבוסה;מְבוּסָה
מבוע;מַבּוּעַ
מבוקה;מְבוּקָה
מבושׁים;מְבוּשִׁים
מבחור;מִבְחֹור
מבחר;מִבְחָר
מבט;מַבָּט
מבטא;מִבְטָא
מבטח;מִבְטָח
מבך;מַבָּךְ
מבליגית;מַבְלִיגִית
מבלקה;מְבֻלָּקָה
מבנה;מִבְנֶה
מבני;מְבֻנַּי
מבצר;מִבְצָר
מברח;מִבְרָח
מבשׁלות;מְבַשְּׁלֹות
מבשׂם;מִבְשָׂם
מג;מָג
מגבישׁ;מַגְבִּישׁ
מגבלת;מִגְבֶּלֶת
מגבעה;מִגְבָּעָה
מגד;מֶגֶד
מגדו;מְגִדֹּו
מגדיאל;מַגְדִּיאֵל
מגדל;מִגְדָּל
מגדל;מִגְדֹּל
מגדל אל;מִגְדַּל־אֵל
מגדל גד;מִגְדַּל־גָּד
מגדל עדר;מִגְדַּל־עֵדֶר
מגדנות;מִגְדָּנֹות
מגוג;מָגֹוג
מגור;מָגֹור
מגורה;מְגוּרָה
מגורה;מְגֹורָה
מגזרה;מַגְזֵרָה
מגל;מַגָּל
מגלה;מְגִלָּה
מגמה;מְגַמָּה
מגן;מגן
מגן;מָגֵן
מגנה;מְגִנָּה
מגערת;מִגְעֶרֶת
מגפה;מַגֵּפָה
מגפיעשׁ;מַגְפִּיעָשׁ
מגר;מגר
מגרה;מְגֵרָה
מגרון;מִגְרֹון
מגרע;מִגְרָע
מגרפה;מֶגְרָפָה
מגרשׁ;מִגְרָשׁ
מד;מַד
מדבח;מַדְבַּח
מדבר;מִדְבָּר
מדד;מדד
מדה;מִדָּה
מדהבה;מַדְהֵבָה
מדו;מָדוּ
מדוה;מַדְוֶה
מדוחים;מַדּוּחִים
מדון;מָדֹון
מדור;מְדוֹר
מדורה;מְדוּרָה
מדחה;מִדְחֶה
מדחפה;מַדְחֵפָה
מדי;מָדִי
מדי;מָדַי
מדין;מִדְיָן
מדין;מִדִּין
מדינה;מְדִינָה
מדיני;מִדְיָנִי
מדכה;מְדֹכָה
מדמן;מַדְמֵן
מדמנה;מַדְמֵנָה
מדמנה;מַדְמַנָּה
מדן;מְדָן
מדע;מַדָּע
מדע;מֹדַע
מדעת;מֹדַעַת
מדקרה;מַדְקֵרָה
מדרגה;מַדְרֵגָה
מדרך;מִדְרָךְ
מדרשׁ;מִדְרָשׁ
מדשׁה;מְדֻשָׁה
מה;מָה
מהה;מההּ
מהומה;מְהוּמָה
מהומן;מְהוּמָן
מהיטבאל;מְהֵיטַבְאֵל
מהיר;מָהִיר
מהל;מהל
מהלך;מַהֲלָךְ
מהלל;מַהֲלָל
מהללאל;מַהֲלַלְאֵל
מהלמות;מַהֲלֻמֹות
מהמר;מַהֲמֹר
מהפכה;מַהְפֵּכָה
מהפכת;מַהְפֶּכֶת
מהר;מהר
מהר;מֹהַר
מהר שׁלל חשׁ בז;מַהֵר שָׁלָל חָשׁ בַּז
מהרה;מְהֵרָה
מהרי;מַהְרַי
מהתלה;מַהֲתַלָּה
מואב;מֹואָב
מואבי;מֹואָבִי
מובא;מֹובָא
מוג;מוג
מוד;מוד
מוט;מוט
מוט;מֹוט
מוטה;מֹוטָה
מוך;מוך
מול;מול
מול;מוּל
מולדה;מֹולָדָה
מולדת;מֹולֶדֶת
מולה;מוּלָה
מוליד;מֹולִיד
מום;מוּם
מוסב;מוּסָב
מוסד;מוּסָד
מוסד;מֹוסָד
מוסדה;מוּסָדָה
מוסדה;מֹוסָדָה
מוסך;מוּסָךְ
מוסר;מוּסָר
מוסר;מֹוסֵר
מוסרה;מֹוסֵרָה
מוסרות;מֹוסֵרֹות
מועד;מֹועֵד
מועד;מֹועָד
מועדה;מוּעָדָה
מועדיה;מֹועַדְיָה
מועף;מוּעָף
מועצה;מֹועֵצָה
מועקה;מוּעָקָה
מופעת;מֹופַעַת
מופת;מֹופֵת
מוצא;מֹוצָא
מוצאה;מֹוצָאָה
מוצק;מוּצָק
מוצקה;מוּצָקָה
מוק;מוק
מוקד;מֹוקֵד
מוקדה;מֹוקְדָה
מוקשׁ;מֹוקֵשׁ
מור;מור
מורא;מֹורָא
מורג;מֹורַג
מורד;מֹורָד
מורה;מֹורֶה
מורה;מֹורָה
מוריה;מֹורִיָּה
מורשׁ;מֹורָשׁ
מורשׁה;מֹורָשָׁה
מורשׁת גת;מֹורֶשֶׁת גַּת
מורשׁתי;מֹורַשְׁתִּי
מושׁ;מושׁ
מושׁב;מֹושָׁב
מושׁי;מוּשִׁי
מושׁעה;מֹושָׁעָה
מות;מות
מות;מוֹת
מות;מָוֶת
מותר;מֹותָר
מזבח;מִזְבֵּחַ
מזג;מֶזֶג
מזה;מִזָּה
מזה;מָזֶה
מזו;מָזוּ
מזוזה;מְזוּזָה
מזון;מָזוֹן
מזון;מָזֹון
מזור;מָזֹור
מזח;מֵזַח
מזיח;מְזִיחַ
מזכיר;מַזְכִּיר
מזל;מַזָּל
מזלג;מַזְלֵג
מזמה;מְזִמָּה
מזמור;מִזְמֹור
מזמרה;מַזְמֵרָה
מזמרת;מְזַמֶּרֶת
מזער;מִזְעָר
מזר;מַזָּר
מזרה;מִזְרֶה
מזרח;מִזְרָח
מזרים;מְזָרִים
מזרע;מִזְרָע
מזרק;מִזְרָק
מח;מֵחַ
מח;מֹחַ
מחא;מחא
מחבא;מַחֲבֵא
מחבוא;מַחֲבֹוא
מחברות;מְחַבְּרֹות
מחברת;מַחְבֶּרֶת
מחבת;מַחֲבַת
מחגרת;מַחֲגֹרֶת
מחה;מחה
מחוגה;מְחוּגָה
מחוז;מָחֹוז
מחויאל;מְחוּיָאֵל
מחוים;מַחֲוִים
מחול;מָחֹול
מחזה;מֶחֱזָה
מחזה;מַחֲזֶה
מחזיאות;מַחֲזִיאֹות
מחי;מְחִי
מחידא;מְחִידָא
מחיה;מִחְיָה
מחיר;מְחִיר
מחלה;מְחִלָּה
מחלה;מְחֹלָה
מחלה;מַחְלָה
מחלה;מַחֲלֶה
מחלה;מַחֲלָה
מחלון;מַחְלֹון
מחלי;מַחְלִי
מחליים;מַחֲלֻיִים
מחלפה;מַחְלָפָה
מחלצות;מַחֲלָצֹות
מחלקה;מַחְלְקָה
מחלקת;מַחֲלֹקֶת
מחלת;מָחֲלַת
מחלתי;מְחֹלָתִי
מחמד;מַחְמָד
מחמד;מַחְמֹד
מחמל;מַחְמָל
מחמצת;מַחְמֶצֶת
מחנה;מַחֲנֶה
מחנה דן;מַחֲנֵה־דָן
מחנים;מַחֲנַיִם
מחנק;מַחֲנָק
מחסה;מַחְסֶה
מחסום;מַחְסֹום
מחסור;מַחְסֹור
מחסיה;מַחְסֵיָה
מחץ;מחץ
מחץ;מַחַץ
מחצב;מַחְצֵב
מחצה;מֶחֱצָה
מחצית;מַחֲצִית
מחק;מחק
מחקר;מֶחְקָר
מחר;מָחָר
מחראה;מַחֲרָאָה
מחרשׁה;מַחֲרֵשָׁה
מחרת;מָחֳרָת
מחשׁבה;מַחֲשָׁבָה
מחשׁך;מַחְשָׁךְ
מחשׂף;מַחְשֹׂף
מחת;מַחַת
מחתה;מְחִתָּה
מחתה;מַחְתָּה
מחתרת;מַחְתֶּרֶת
מטא;מטא
מטאטא;מַטְאֲטֵא
מטבח;מַטְבֵּחַ
מטה;מִטָּה
מטה;מַטֶּה
מטה;מֻטֶּה
מטה;מֻטָּה
מטוה;מַטְוֶה
מטיל;מָטִיל
מטמון;מַטְמֹון
מטע;מַטָּע
מטעם;מַטְעָם
מטפחת;מִטְפַּחַת
מטר;מטר
מטר;מָטָר
מטרד;מַטְרֵד
מטרה;מַטָּרָה
מטרי;מַטְרִי
מי;מִי
מי הירקון;מֵי הַיַּרְקֹון
מי זהב;מֵי זָהָב
מידבא;מֵידְבָא
מידד;מֵידָד
מיכא;מִיכָא
מיכאל;מִיכָאֵל
מיכה;מִיכָה
מיכהו;מִיכָהוּ
מיכיה;מִיכָיָה
מיכיהו;מִיכָיְהוּ
מיכיהו;מִיכָיָהוּ
מיכל;מִיכַל
מיכל;מִיכָל
מימין;מִיָּמִין
מין;מִין
מיפעת;מֵיפַעַת
מיץ;מִיץ
מישׁא;מֵישָׁא
מישׁאל;מִישָׁאֵל
מישׁור;מִישֹׁור
מישׁך;מֵישַׁךְ
מישׁע;מֵישַׁע
מישׁע;מֵישָׁע
מישׁרים;מֵישָׁרִים
מיתר;מֵיתָר
מכאוב;מַכְאֹוב
מכבנה;מַכְבֵּנָה
מכבני;מַכְבַּנַּי
מכבר;מִכְבָּר
מכבר;מַכְבֵּר
מכה;מַכָּה
מכוה;מִכְוָה
מכון;מָכֹון
מכונה;מְכֹונָה
מכורה;מְכוּרָה
מכי;מָכִי
מכיר;מָכִיר
מכירי;מָכִירִי
מכך;מכך
מכלא;מִכְלָא
מכלול;מִכְלֹול
מכלול;מַכְלוּל
מכלות;מִכְלֹות
מכלל;מִכְלָל
מכלת;מַכֹּלֶת
מכמן;מִכְמָן
מכמר;מִכְמָר
מכמרת;מִכְמֶרֶת
מכמשׂ;מִכְמָשׂ
מכמתת;מִכְמְתָת
מכנדבי;מַכְנַדְבַי
מכנה;מְכֹנָה
מכנסים;מִכְנָסַיִם
מכס;מֶכֶס
מכסה;מְכַסֶּה
מכסה;מִכְסֶה
מכסה;מִכְסָה
מכפלה;מַכְפֵּלָה
מכר;מכר
מכר;מֶכֶר
מכר;מַכָּר
מכרה;מְכֵרָה
מכרה;מִכְרֶה
מכרי;מִכְרִי
מכרתי;מְכֵרָתִי
מכשׁול;מִכְשֹׁול
מכשׁלה;מַכְשֵׁלָה
מכתב;מִכְתָּב
מכתה;מְכִתָּה
מכתם;מִכְתָּם
מכתשׁ;מַכְתֵּשׁ
מלא;מלא
מלא;מְלֹא
מלא;מָלֵא
מלאה;מְלֵאָה
מלאה;מִלֻּאָה
מלאים;מִלֻּאִים
מלאך;מַלְאַךְ
מלאך;מַלְאָךְ
מלאכה;מְלָאכָה
מלאכות;מַלְאָכוּת
מלאכי;מַלְאָכִי
מלאת;מִלֵּאת
מלבושׁ;מַלְבּוּשׁ
מלבן;מַלְבֵּן
מלה;מִלָּה
מלוא;מִלֹּוא
מלוח;מַלּוּחַ
מלוך;מַלּוּךְ
מלוכה;מְלוּכָה
מלון;מָלֹון
מלונה;מְלוּנָה
מלותי;מַלֹּותִי
מלח;מלח
מלח;מְלַח
מלח;מֶלַח
מלח;מַלָּח
מלחה;מְלֵחָה
מלחמה;מִלְחָמָה
מלט;מלט
מלט;מֶלֶט
מלטיה;מְלַטְיָה
מליכו;מְלִיכוּ
מלילה;מְלִילָה
מליצה;מְלִיצָה
מלך;מלך
מלך;מְלַךְ
מלך;מֶלֶךְ
מלך;מֹלֶךְ
מלכדת;מַלְכֹּדֶת
מלכה;מִלְכָּה
מלכה;מַלְכָּה
מלכו;מַלְכוּ
מלכות;מַלְכוּת
מלכי צדק;מַלְכִּי־צֶדֶק
מלכי שׁוע;מַלְכִּי־שׁוּעַ
מלכיאל;מַלְכִּיאֵל
מלכיאלי;מַלְכִּיאֵלִי
מלכיה;מַלְכִּיָּה
מלכיהו;מַלְכִּיָּהוּ
מלכירם;מַלְכִּירָם
מלכם;מִלְכֹּם
מלכם;מַלְכָּם
מלכן;מַלְכֵּן
מלכת;מְלֶכֶת
מלכת;מֹלֶכֶת
מלל;מלל
מללי;מִלֲלַי
מלמד;מַלְמַד
מלץ;מלץ
מלצר;מֶלְצַר
מלק;מלק
מלקוח;מַלְקֹוחַ
מלקוחים;מַלְקֹוחַיִם
מלקושׁ;מַלְקֹושׁ
מלקחים;מֶלְקָחַיִם
מלתחה;מֶלְתָּחָה
ממגורה;מַמְּגוּרָה
ממד;מֵמַד
ממוכן;מְמוּכָן
ממות;מָמֹות
ממזר;מַמְזֵר
ממכר;מִמְכָּר
ממכרת;מִמְכֶּרֶת
ממלכה;מַמְלָכָה
ממלכות;מַמְלָכוּת
ממסך;מִמְסָךְ
ממר;מֶמֶר
ממרא;מַמְרֵא
ממררים;מַמְּרֹרִים
ממשׁח;מִמְשַׁח
ממשׁל;מִמְשָׁל
ממשׁלה;מֶמְשָׁלָה
ממשׁק;מִמְשָׁק
ממתקים;מַמְתַקִּים
מן;מֵן
מן;מַן
מן;מָן
מנא;מְנֵא
מנגינה;מַנְגִּינָה
מנדע;מַנְדַּע
מנה;מנה
מנה;מָנֶה
מנה;מָנָה
מנה;מֹנֶה
מנהג;מִנְהָג
מנהרה;מִנְהָרָה
מנוד;מָנֹוד
מנוח;מָנֹוחַ
מנון;מָנֹון
מנוס;מָנֹוס
מנוסה;מְנוּסָה
מנור;מָנֹור
מנורה;מְנֹורָה
מנחה;מִנְחָה
מנחות;מְנֻחֹות
מנחם;מְנַחֵם
מנחת;מָנַחַת
מנחתי;מָנַחְתִּי
מני;מְנִי
מני;מִנִּי
מנימין;מִנְיָמִין
מנין;מִנְיָן
מנית;מִנִּית
מנלה;מִנְלֶה
מנע;מנע
מנעול;מַנְעוּל
מנעל;מִנְעָל
מנעמים;מַנְעַמִּים
מנענעים;מְנַעַנְעִים
מנקית;מְנַקִּית
מנשׁה;מְנַשֶּׁה
מנשׁי;מְנַשִּׁי
מנת;מְנָת
מס;מַס
מס;מָס
מסב;מֵסַב
מסבה;מְסִבָּה
מסגר;מַסְגֵּר
מסגרת;מִסְגֶּרֶת
מסד;מַסָּד
מסדרון;מִסְדְּרֹון
מסה;מסה
מסה;מִסָּה
מסה;מַסָּה
מסוה;מַסְוֶה
מסוכה;מְסוּכָה
מסח;מַסָּח
מסחר;מִסְחָר
מסך;מסך
מסך;מֶסֶךְ
מסך;מָסָךְ
מסכה;מְסֻכָה
מסכה;מַסֵּכָה
מסכן;מִסְכֵּן
מסכנות;מִסְכְּנֹות
מסכנת;מִסְכֵּנֻת
מסכת;מַסֶּכֶת
מסלה;מְסִלָּה
מסלול;מַסְלוּל
מסמר;מַסְמֵר
מסס;מסס
מסע;מַסַּע
מסע;מַסָּע
מסעד;מִסְעָד
מספד;מִסְפֵּד
מספוא;מִסְפֹּוא
מספחה;מִסְפָּחָה
מספחת;מִסְפַּחַת
מספר;מִסְפָּר
מספרת;מִסְפֶּרֶת
מסר;מסר
מסרת;מָסֹרֶת
מסתור;מִסְתֹּור
מסתר;מִסְתָּר
מסתר;מַסְתֵּר
מעבד;מַעֲבָד
מעבה;מַעֲבֶה
מעבר;מַעֲבָר
מעברה;מַעְבָּרָה
מעגל;מַעְגָּל
מעד;מעד
מעדי;מַעֲדַי
מעדיה;מַעַדְיָה
מעדנות;מַעֲדַנֹּות
מעדנים;מַעֲדַנִּים
מעדר;מַעְדֵּר
מעה;מְעֵה
מעה;מֵעֶה
מעה;מָעָה
מעוג;מָעֹוג
מעוז;מָעֹוז
מעוך;מָעֹוךְ
מעון;מָעֹון
מעונים;מְעוּנִים
מעונתי;מְעֹונֹתַי
מעוף;מָעוּף
מעור;מָעֹור
מעזיה;מַעַזְיָה
מעט;מעט
מעט;מְעַט
מעטה;מַעֲטֶה
מעטפת;מַעֲטֶפֶת
מעי;מְעִי
מעי;מָעַי
מעיל;מְעִיל
מעין;מַעְיָן
מעך;מעך
מעכה;מַעֲכָה
מעכת;מַעֲכָת
מעכתי;מַעֲכָתִי
מעל;מעל
מעל;מֶעַל
מעל;מַעַל
מעל;מֹעַל
מעלה;מַעֲלֶה
מעלה;מַעֲלָה
מעלל;מַעֲלָל
מעמד;מַעֲמָד
מעמד;מָעֳמָד
מעמסה;מַעֲמָסָה
מעמקים;מַעֲמַקִּים
מענה;מְעֹנָה
מענה;מַעֲנֶה
מענה;מַעֲנָה
מענית;מַעֲנִית
מעץ;מַעַץ
מעצבה;מַעֲצֵבָה
מעצד;מַעֲצָד
מעצור;מַעְצֹור
מעקה;מַעֲקֶה
מעקשׁים;מַעֲקַשִּׁים
מער;מַעַר
מערב;מַעֲרָב
מערה;מְעָרָה
מערה;מַעֲרֶה
מערך;מַעֲרָךְ
מערכה;מַעֲרָכָה
מערכת;מַעֲרֶכֶת
מערם;מַעֲרֹם
מערצה;מַעֲרָצָה
מערת;מַעֲרָת
מעשׂה;מַעֲשֶׂה
מעשׂי;מַעְשַׂי
מעשׂיה;מַעֲשֵׂיָה
מעשׂיהו;מַעֲשֵׂיָהוּ
מעשׁקות;מַעֲשַׁקֹּות
מעשׂר;מַעֲשֵׂר
מפגע;מִפְגָּע
מפוח;מַפּוּחַ
מפח;מַפָּח
מפיבשׁת;מְפִיבֹשֶׁת
מפים;מֻפִּים
מפיץ;מֵפִיץ
מפל;מַפָּל
מפלאה;מִפְלָאָה
מפלגה;מִפְלַגָּה
מפלה;מַפָּלָה
מפלט;מִפְלָט
מפלצת;מִפְלֶצֶת
מפלשׂ;מִפְלָשׂ
מפלת;מַפֶּלֶת
מפעל;מִפְעָל
מפץ;מַפֵּץ
מפץ;מַפָּץ
מפקד;מִפְקָד
מפרץ;מִפְרָץ
מפרקת;מַפְרֶקֶת
מפרשׂ;מִפְרָשׂ
מפשׂעה;מִפְשָׂעָה
מפתח;מִפְתָּח
מפתח;מַפְתֵּחַ
מפתן;מִפְתָּן
מץ;מֵץ
מץ;מֹץ
מצא;מצא
מצב;מַצָּב
מצב;מֻצָּב
מצבה;מַצֵּבָה
מצבה;מַצָּבָה
מצביה;מְצֹבָיָה
מצבת;מַצֶּבֶת
מצה;מצה
מצה;מַצָּה
מצה;מֹצָה
מצהלה;מִצְהָלָה
מצוד;מָצֹוד
מצוה;מִצְוָה
מצולה;מְצֹולָה
מצוק;מָצוּק
מצוק;מָצֹוק
מצוקה;מְצוּקָה
מצור;מָצֹור
מצורה;מְצוּרָה
מצות;מַצּוּת
מצח;מֵצַח
מצחה;מִצְחָה
מצלה;מְצִלָּה
מצלתים;מְצִלְתַּיִם
מצנפת;מִצְנֶפֶת
מצע;מַצָּע
מצעד;מִצְעָד
מצער;מִצְעָר
מצפה;מִצְפֶּה
מצפה;מִצְפָּה
מצפון;מַצְפֹּון
מצץ;מצץ
מצר;מֵצַר
מצרי;מִצְרִי
מצרים;מִצְרַיִם
מצרף;מַצְרֵף
מק;מַק
מקבת;מַקֶּבֶת
מקדה;מַקֵּדָה
מקדשׁ;מִקְדָּשׁ
מקהל;מַקְהֵל
מקהלת;מַקְהֵלֹת
מקוה;מִקְוֶה
מקוה;מִקְוָה
מקום;מָקֹום
מקור;מָקֹור
מקח;מִקָּח
מקחות;מַקָּחֹות
מקטר;מִקְטָר
מקטר;מֻקְטָר
מקטרת;מְקַטֶּרֶת
מקטרת;מִקְטֶרֶת
מקל;מַקֵּל
מקלות;מִקְלֹות
מקלט;מִקְלָט
מקלעת;מִקְלַעַת
מקנה;מִקְנֶה
מקנה;מִקְנָה
מקניהו;מִקְנֵיָהוּ
מקסם;מִקְסָם
מקץ;מָקַץ
מקצוע;מִקְצֹועַ
מקצועה;מַקְצוּעָה
מקק;מקק
מקרא;מִקְרָא
מקרה;מְקֵרָה
מקרה;מְקָרֶה
מקרה;מִקְרֶה
מקשׁה;מִקְשֶׁה
מקשׁה;מִקְשָׁה
מר;מַר
מר;מֹר
מרא;מרא
מרא;מָרֵא
מרא;מָרָא
מראה;מַרְאֶה
מראה;מַרְאָה
מראה;מֻרְאָה
מראשׁות;מְרַאֲשֹׁות
מרב;מֵרַב
מרבד;מַרְבָד
מרבץ;מַרְבֵּץ
מרבק;מַרְבֵּק
מרגוע;מַרְגֹּועַ
מרגלות;מַרְגְּלֹות
מרגמה;מַרְגֵּמָה
מרגעה;מַרְגֵּעָה
מרד;מרד
מרד;מְרַד
מרד;מֶרֶד
מרד;מָרָד
מרדות;מַרְדּוּת
מרדך;מְרֹדָךְ
מרדך בלאדן;מְרֹדַךְ בַּלְאֲדָן
מרדכי;מָרְדֳּכַי
מרדף;מֻרְדָּף
מרה;מרה
מרה;מָרָה
מרה;מֹרָה
מרוד;מָרוּד
מרוז;מֵרֹוז
מרוח;מָרֹוחַ
מרום;מֵרֹום
מרום;מָרֹום
מרוץ;מֵרֹוץ
מרוצה;מְרוּצָה
מרוקים;מְרוּקִים
מרות;מָרֹות
מרזח;מַרְזֵחַ
מרח;מרח
מרחב;מֶרְחָב
מרחק;מֶרְחָק
מרחשׁת;מַרְחֶשֶׁת
מרט;מרט
מרי;מְרִי
מריא;מְרִיא
מריב בעל;מְרִיב־בַּעַל
מריבה;מְרִיבָה
מריה;מְרָיָה
מריות;מְרָיֹות
מרים;מִרְיָם
מרירות;מְרִירוּת
מרירי;מְרִירִי
מרך;מֹרֶךְ
מרכב;מֶרְכָּב
מרכבה;מֶרְכָּבָה
מרכלת;מַרְכֹּלֶת
מרמה;מִרְמָה
מרמות;מְרֵמֹות
מרמס;מִרְמָס
מרנתי;מֵרֹנֹתִי
מרס;מֶרֶס
מרסנא;מַרְסְנָא
מרע;מֵרֵעַ
מרע;מֵרַע
מרעה;מִרְעֶה
מרעית;מַרְעִית
מרעלה;מַרְעֲלָה
מרפא;מַרְפֵּא
מרפשׂ;מִרְפָּשׂ
מרץ;מרץ
מרצע;מַרְצֵעַ
מרצפת;מַרְצֶפֶת
מרק;מרק
מרק;מָרַק
מרקח;מֶרְקָח
מרקחה;מֶרְקָחָה
מרקחת;מִרְקַחַת
מרר;מרר
מרר;מָרֹר
מררה;מְרֵרָה
מררה;מְרֹרָה
מררי;מְרָרִי
מרשׁה;מָרֵשָׁה
מרשׁעת;מִרְשַׁעַת
מרתים;מְרָתַיִם
משׁ;מַשׁ
משׁא;מֵשָׁא
משׁא;מַשָּׁא
משׂא;מַשָּׂא
משׂא;מַשֹּׂא
משׁאב;מַשְׁאָב
משׁאה;מַשָּׁאָה
משׂאה;מַשָּׂאָה
משׁאון;מַשָּׁאֹון
משׁאל;מִשְׁאָל
משׁאלה;מִשְׁאָלָה
משׁארת;מִשְׁאֶרֶת
משׂאת;מַשְׂאֵת
משׁבצות;מִשְׁבְּצֹות
משׁבר;מִשְׁבָּר
משׁבר;מַשְׁבֵּר
משׁבת;מִשְׁבָּת
משׂגב;מִשְׂגָּב
משׁגה;מִשְׁגֶּה
משׁה;משׁה
משׁה;מֹשֶׁה
משׁואה;מְשֹׁואָה
משׁואה;מַשּׁוּאָה
משׁובב;מְשֹׁובָב
משׁובה;מְשׁוּבָה
משׁוגה;מְשׁוּגָה
משׁוט;מָשֹׁוט
משׂוכה;מְשׂוּכָּה
משׂור;מַשֹּׂור
משׁח;משׁח
משׁח;מְשַׁח
משׁחה;מִשְׁחָה
משׁחה;מָשְׁחָה
משׂחק;מִשְׂחָק
משׁחת;מָשְׁחָת
משׁטר;מִשְׁטָר
משׁי;מֶשִׁי
משׁיזבאל;מְשֵׁיזַבְאֵל
משׁיח;מָשִׁיחַ
משׁך;משׁך
משׁך;מֶשֶׁךְ
משׁכב;מִשְׁכַּב
משׁכות;מֹשְׁכֹות
משׂכיל;מַשְׂכִּיל
משׂכית;מַשְׂכִּית
משׁכן;מִשְׁכָּן
משׂכרת;מַשְׂכֹּרֶת
משׁל;משׁל
משׁל;מָשָׁל
משׁל;מֹשֶׁל
משׁלם;מְשֻׁלָּם
משׁלמות;מְשִׁלֵּמֹות
משׁלמיה;מְשֶׁלֶמְיָה
משׁלמיהו;מְשֶׁלֶמְיָהוּ
משׁלמית;מְשִׁלֵּמִית
משׁלמת;מְשֻׁלֶּמֶת
משׁמנה;מִשְׁמַנָּה
משׁמע;מִשְׁמָע
משׂמרה;מַשְׂמֵרָה
משׁעם;מִשְׁעָם
משׁענת;מִשְׁעֶנֶת
משׁפחה;מִשְׁפָּחָה
משׁפט;מִשְׁפָּט
משׁפתים;מִשְׁפְּתַיִם
משׁק;מֶשֶׁק
משׁק;מַשָּׁק
משׁקלת;מִשְׁקֶלֶת
משׁקע;מִשְׁקָע
משׁרה;מִשְׁרָה
משׁרוקי;מַשְׁרוֹקִי
משׁרעי;מִשְׁרָעִי
משׂרפות מים;מִשְׂרְפֹות מַיִם
משׂרקה;מַשְׂרֵקָה
משׂרת;מַשְׂרֵת
משׁשׁ;משׁשׁ
משׁתא;מִשְׁתֵּא
משׁתה;מִשְׁתֶּה
מתבן;מַתְבֵּן
מתג;מֶתֶג
מתוק;מָתֹוק
מתושׁאל;מְתוּשָׁאֵל
מתושׁלח;מְתוּשֶׁלַח
מתח;מתח
מתי;מָתַי
מתים;מְתִים
מתלעות;מְתַלְּעֹות
מתם;מְתֹם
מתן;מַתָּן
מתנה;מַתְּנָה
מתנה;מַתָּנָה
מתני;מִתְנִי
מתני;מַתְּנַי
מתניה;מַתַּנְיָה
מתניהו;מַתַּנְיָהוּ
מתנים;מָתְנַיִם
מתק;מתק
מתק;מָתֵק
מתק;מֹתֶק
מתקה;מִתְקָה
מתרדת;מִתְרְדָת
מתת;מַתָּת
מתתה;מַתַּתָּה
מתתיה;מַתִּתְיָה
מתתיהו;מַתִּתְיָהוּ
נא;נֹא
נאד;נֹאד
נאה;נאה
נאוה;נָאוֶה
נאם;נאם
נאם;נְאֻם
נאף;נאף
נאפופים;נַאֲפוּפִים
נאפים;נִאֻפִים
נאץ;נאץ
נאצה;נְאָצָה
נאצה;נֶאָצָה
נאק;נאק
נאקה;נְאָקָה
נאר;נאר
נב;נֹב
נבא;נבא
נבו;נְבֹו
נבואה;נְבוּאָה
נבוב;נָבוּב
נבוזראדן;נְבוּזַרְאֲדָן
נבוכדנצר;נְבוּכַדְנֶצַּר
נבוכדראצר;נְבוּכַדְרֶאצַּר
נבושׁזבן;נְבוּשַׁזְבָּן
נבות;נָבֹות
נבזבה;נְבִזְבָּה
נבח;נבח
נבח;נֹבַח
נבחז;נִבְחַז
נבט;נבט
נבט;נְבָט
נביא;נְבִיא
נביא;נָבִיא
נביאה;נְבִיאָה
נביות;נְבָיֹות
נבך;נֵבֶךְ
נבל;נבל
נבל;נֵבֶל
נבל;נָבָל
נבלה;נְבֵלָה
נבלה;נְבָלָה
נבלות;נַבְלוּת
נבלט;נְבַלָּט
נבע;נבע
נברשׁה;נֶבְרְשָׁה
נבשׁן;נִבְשָׁן
נגב;נֶגֶב
נגד;נגד
נגה;נגהּ
נגה;נְגַהּ
נגה;נֹגַהּ
נגהות;נְגֹהֹות
נגח;נגח
נגח;נַגָּח
נגיד;נָגִיד
נגינה;נְגִינָה
נגן;נגן
נגע;נגע
נגע;נֶגַע
נגף;נגף
נגף;נֶגֶף
נגר;נגר
נגרת;נִגֶּרֶת
נגשׁ;נגשׁ
נגשׂ;נגשׂ
נד;נֵד
נדא;נדא
נדב;נדב
נדב;נָדָב
נדבה;נְדָבָה
נדביה;נְדַבְיָה
נדבך;נִדְבָּךְ
נדד;נדד
נדדים;נְדֻדִים
נדה;נדה
נדה;נִדָּה
נדה;נֵדֶה
נדח;נדח
נדיב;נָדִיב
נדיבה;נְדִיבָה
נדן;נָדָן
נדף;נדף
נדר;נדר
נדר;נֶדֶר
נה;נֹהַּ
נהג;נהג
נהה;נהה
נהור;נְהוֹר
נהי;נְהִי
נהירו;נַהִירוּ
נהל;נהל
נהלל;נַהֲלָל
נהלל;נַהֲלֹל
נהם;נהם
נהם;נַהַם
נהמה;נְהָמָה
נהק;נהק
נהר;נהר
נהר;נְהַר
נהר;נָהָר
נהרה;נְהָרָה
נוא;נוא
נוב;נוב
נובי;נֹובָי
נוד;נוד
נוד;נֹוד
נודב;נֹודָב
נוחה;נֹוחָה
נולו;נְוָלוּ
נום;נום
נומה;נוּמָה
נון;נוּן
נוס;נוס
נועדיה;נֹועַדְיָה
נוף;נֹוף
נוצה;נֹוצָה
נור;נוּר
נזם;נֶזֶם
נזר;נֵזֶר
נח;נֹחַ
נחבי;נַחְבִּי
נחה;נחה
נחום;נְחוּם
נחום;נַחוּם
נחומים;נִחוּמִים
נחור;נָחֹור
נחושׁ;נָחוּשׁ
נחושׁה;נְחוּשָׁה
נחילות;נְחִילֹות
נחיר;נָחִיר
נחל;נחל
נחל;נַחַל
נחלה;נַחֲלָה
נחליאל;נַחֲלִיאֵל
נחלמי;נֶחֱלָמִי
נחם;נחם
נחם;נַחַם
נחם;נֹחַם
נחמה;נֶחָמָה
נחמיה;נְחֶמְיָה
נחמני;נַחֲמָנִי
נחץ;נחץ
נחר;נחר
נחר;נַחַר
נחרה;נַחְרָה
נחרי;נַחְרַי
נחשׁ;נחשׁ
נחשׁ;נְחָשׁ
נחשׁ;נַחַשׁ
נחשׁ;נָחָשׁ
נחשׁון;נַחְשֹׁון
נחשׁת;נְחֹשֶׁת
נחשׁתא;נְחֻשְׁתָּא
נחשׁתן;נְחֻשְׁתָּן
נחת;נחת
נחת;נַחַת
נחת;נָחֵת
נטה;נטה
נטופה;נְטֹופָה
נטופתי;נְטֹופָתִי
נטיפה;נְטִיפָה
נטע;נטע
נטעים;נְטָעִים
נטף;נָטָף
ני;נִי
ניבי;נֵיבָי
ניות;נָיֹות
נין;נין
נין;נִין
נינוה;נִינְוֵה
ניס;נִיס
ניסן;נִיסָן
ניצוץ;נִיצֹוץ
ניר;ניר
ניר;נִיר
נכא;נכא
נכא;נָכֵא
נכא;נָכָא
נכאת;נְכֹאת
נכד;נֶכֶד
נכו;נְכֹו
נכון;נָכֹון
נכס;נְכַס
נכסים;נְכָסִים
נכר;נכר
נכר;נֵכָר
נכרי;נָכְרִי
נכת;נְכֹת
נמואל;נְמוּאֵל
נמואלי;נְמוּאֵלִי
נמלה;נְמָלָה
נמר;נְמַר
נמר;נָמֵר
נמרד;נִמְרֹד
נמרה;נִמְרָה
נמרים;נִמְרִים
נמשׁי;נִמְשִׁי
נס;נֵס
נסבה;נְסִבָּה
נסה;נסה
נסיך;נָסִיךְ
נסך;נסך
נסך;נְסַךְ
נסך;נֶסֶךְ
נסע;נסע
נסרך;נִסְרֹךְ
נעה;נֵעָה
נעה;נֹעָה
נעורות;נְעוּרֹות
נעורים;נְעוּרִים
נעיאל;נְעִיאֵל
נעים;נָעִים
נעל;נעל
נעל;נַעַל
נעם;נעם
נעם;נַעַם
נעם;נֹעַם
נעמה;נַעֲמָה
נעמי;נַעֲמִי
נעמי;נָעֳמִי
נעמן;נַעֲמָן
נעמנים;נַעֲמָנִים
נעמתי;נַעֲמָתִי
נעצוץ;נַעֲצוּץ
נערי;נַעֲרַי
נעריה;נְעַרְיָה
נערן;נַעֲרָן
נף;נֹף
נפג;נֶפֶג
נפה;נָפָה
נפוסים;נְפוּסִים
נפח;נֹפַח
נפילים;נְפִילִים
נפישׁ;נָפִישׁ
נפישׁסים;נְפִישְׁסִים
נפך;נֹפֶךְ
נפל;נפל
נפשׁ;נפשׁ
נפשׁ;נֶפֶשׁ
נפת;נֶפֶת
נפת;נֹפֶת
נפתוח;נֶפְתֹּוחַ
נפתולים;נַפְתּוּלִים
נפתחים;נַפְתֻּחִים
נפתלי;נַפְתָּלִי
נץ;נֵץ
נצא;נצא
נצב;נצב
נצב;נִצָּב
נצה;נצה
נצה;נִצָּה
נצח;נצח
נצח;נֵצַח
נציב;נְצִיב
נציח;נְצִיחַ
נצל;נצל
נצץ;נצץ
נצר;נצר
נצר;נֵצֶר
נקב;נקב
נקב;נֶקֶב
נקבה;נְקֵבָה
נקד;נָקֹד
נקד;נֹקֵד
נקדה;נְקֻדָּה
נקה;נקה
נקודא;נְקֹודָא
נקודים;נִקּוּדִים
נקי;נָקִי
נקיון;נִקָּיֹון
נקיק;נָקִיק
נקם;נקם
נקם;נָקָם
נקמה;נְקָמָה
נקע;נקע
נקף;נֹקֶף
נקפה;נִקְפָּה
נקר;נקר
נקרה;נִקְרָה
נר;נֵר
נרגל;נֵרְגַל
נרגל שׂר אצר;נֵרְגַל שַׂר־אֶצֶר
נרד;נֵרְדְּ
נריה;נֵרִיָּה
נשׁא;נשׁא
נשׂא;נשׂא
נשׁב;נשׁב
נשׂג;נשׂג
נשׁה;נשׁה
נשׁה;נָשֶׁה
נשׂואה;נְשׂוּאָה
נשׁיקה;נְשִׁיקָה
נשׁך;נשׁך
נשׁך;נֶשֶׁךְ
נשׁכה;נִשְׁכָּה
נשׁק;נשׁק
נשׁק;נֶשֶׁק
נשׁר;נְשַׁר
נשׁר;נֶשֶׁר
נתין;נְתִין
נתין;נָתִין
נתן;נָתָן
נתן מלך;נְתַן־מֶלֶךְ
נתנאל;נְתַנְאֵל
נתניה;נְתַנְיָה
נתניהו;נְתַנְיָהוּ
נתס;נתס
נתע;נתע
נתק;נֶתֶק
נתר;נֶתֶר
סאה;סְאָה
סאון;סְאֹון
סאן;סאן
סבא;סבא
סבא;סְבָא
סבא;סָבָא
סבא;סֹבֶא
סבאי;סְבָאִי
סבב;סבב
סבה;סִבָּה
סבך;סבך
סבך;סְבַךְ
סבך;סְבֹךְ
סבכי;סִבְּכַי
סבל;סֵבֶל
סבל;סַבָּל
סבל;סֹבֶל
סבלות;סְבָלֹות
סבלת;סִבֹּלֶת
סברים;סִבְרַיִם
סבתא;סַבְתָּא
סבתכא;סַבְתְּכָא
סגד;סגד
סגור;סְגֹור
סגן;סְגַן
סגן;סָגָן
סגר;סגר
סגר;סְגֹר
סגריר;סַגְרִיר
סד;סַד
סדין;סָדִין
סדם;סְדֹם
סוא;סֹוא
סוגר;סוּגַר
סוד;סֹוד
סודי;סֹודִי
סוח;סוּחַ
סוטי;סֹוטַי
סוך;סוך
סומפניה;סוּמְפֹּנְיָה
סונה;סְוֵנֵה
סוס;סוּס
סוסה;סוּסָה
סוסי;סוּסִי
סוף;סוּף
סופה;סוּפָה
סופר;סֹופֵר
סחב;סחב
סחבה;סְחָבָה
סחה;סחה
סחי;סְחִי
סחישׁ;סָחִישׁ
סחר;סחר
סחרה;סְחֹרָה
סיון;סִיוָן
סיחון;סִיחֹון
סין;סִין
סיני;סִינִי
סיני;סִינַי
סינים;סִינִים
סיסרא;סִיסְרָא
סיעא;סִיעָא
סיעהא;סִיעֲהָא
סיר;סִיר
סירה;סִירָה
סך;סֹךְ
סכה;סֻכָּה
סכות;סִכּוּת
סכות;סֻכֹּות
סכות בנות;סֻכֹּות בְּנֹות
סכיים;סֻכִּיִּים
סכך;סֹכֵךְ
סככה;סְכָכָה
סכל;סכל
סכל;סֶכֶל
סכל;סָכָל
סכלות;סִכְלוּת
סל;סַל
סלא;סִלָּא
סלד;סֶלֶד
סלו;סַלּוּ
סלוא;סַלּוּא
סלוא;סָלוּא
סלי;סַלַּי
סלכה;סַלְכָה
סלל;סלל
סללה;סֹלְלָה
סלם;סֻלָּם
סלסלה;סַלְסִלָּה
סלע המחלקות;סֶלַע הַמַּחְלְקֹות
סלעם;סָלְעָם
סלת;סֹלֶת
סמגר נבו;סַמְגַּר־נְבוּ
סמך;סמך
סמכיהו;סְמַכְיָהוּ
סנאה;סְנָאָה
סנבלט;סַנְבַלַּט
סנה;סְנֶה
סנה;סֶנֶּה
סנואה;סְנוּאָה
סנחריב;סַנְחֵרִיב
סנסנה;סַנְסַנָּה
סנפיר;סְנַפִּיר
סס;סָס
ססמי;סִסְמַי
סער;סַעַר
סערה;סְעָרָה
סף;סַף
ספד;ספד
ספחת;סַפַּחַת
ספי;סִפַּי
ספיח;סָפִיחַ
ספינה;סְפִינָה
ספיר;סַפִּיר
ספל;סֵפֶל
ספן;ספן
ספן;סִפֻּן
ספף;ספף
ספק;ספק
ספק;סֶפֶק
ספר;ספר
ספר;סְפַר
ספר;סְפָר
ספר;סֵפֶר
ספר;סָפַר
ספרד;סְפָרַד
ספרה;סִפְרָה
ספרוים;סְפַרְוִים
ספרוים;סְפַרְוַיִם
ספרות;סְפֹרֹות
ספרת;סֹפֶרֶת
סקל;סקל
סר;סַר
סרב;סָרָב
סרבל;סַרְבָּל
סרגון;סַרְגֹון
סרד;סֶרֶד
סרדי;סַרְדִּי
סרה;סָרָה
סרוח;סָרוּחַ
סרח;סרח
סרח;סֶרַח
סריון;סִרְיֹון
סריס;סָרִיס
סרך;סָרַךְ
סרן;סֶרֶן
סרפד;סִרְפָּד
סרר;סרר
סתור;סְתוּר
סתם;סתם
סתר;סתר
סתר;סֵתֶר
סתרי;סִתְרִי
עב;עָב
עבד;עבד
עבד;עֲבֵד
עבד;עֲבָד
עבד;עֶבֶד
עבד מלך;עֶבֶד־מֶלֶךְ
עבד נגו;עֲבֵד נְגֹו
עבד אדם;עֹבֵד אֱדֹם
עבדא;עַבְדָּא
עבדאל;עַבְדְּאֵל
עבדה;עֲבֻדָּה
עבדון;עַבְדֹּון
עבדות;עַבְדוּת
עבדי;עַבְדִּי
עבדיאל;עַבְדִּיאֵל
עבדיה;עֹבַדְיָה
עבדיהו;עֹבַדְיָהוּ
עבה;עבה
עבט;עבט
עבי;עֲבִי
עבר;עֲבַר
עברה;עֲבָרָה
עברי;עִבְרִי
עברים;עֲבָרִים
עברן;עֶבְרֹן
עברנה;עַבְרֹנָה
עבשׁ;עבשׁ
עבת;עבת
עבת;עֲבֹת
עגב;עגב
עגבה;עֲגָבָה
עגור;עָגוּר
עגיל;עָגִיל
עגל;עֵגֶל
עגלה;עֲגָלָה
עגלה;עֶגְלָה
עגלון;עֶגְלֹון
עגלת שׁלשׁיה;עֶגְלַת שְׁלִשִׁיָּה
עגם;עגם
עגן;עגן
עד;עֵד
עד;עַד
עדא;עִדֹּא
עדה;עִדָּה
עדה;עֵדָה
עדה;עָדָה
עדו;עִדֹּו
עדיא;עֲדָיָא
עדיאל;עֲדִיאֵל
עדיה;עֲדָיָה
עדיהו;עֲדָיָהוּ
עדין;עָדִין
עדינא;עֲדִינָא
עדיתים;עֲדִיתַיִם
עדלי;עַדְלַי
עדלם;עֲדֻלָּם
עדלמי;עֲדֻלָּמִי
עדן;עדן
עדן;עֲדֶן
עדן;עִדָּן
עדן;עֵדֶן
עדן;עֶדֶן
עדנא;עַדְנָא
עדנה;עֶדְנָה
עדנה;עַדְנָה
עדנח;עַדְנַח
עדעדה;עַדְעָדָה
עדף;עדף
עדר;עֵדֶר
עדר;עֶדֶר
עדריאל;עַדְרִיאֵל
עדשׁה;עֲדָשָׁה
עוא;עַוָּא
עוב;עוב
עובד;עֹובֵד
עובל;עֹובָל
עוג;עוג
עוג;עֹוג
עוגב;עוּגָב
עוד;עוד
עודד;עֹודֵד
עוה;עוה
עוה;עִוָּה
עוים;עַוִּים
עוית;עֲוִית
עול;עָוֶל
עולה;עַוְלָה
עולל;עֹולֵל
עולל;עֹולָל
עולם;עֹולָם
עון;עָוֹן
עועים;עִוְעִים
עוף;עוף
עופי;עופי
עופרת;עֹופֶרֶת
עוץ;עוץ
עוץ;עוּץ
עוק;עוק
עור;עור
עור;עוּר
עור;עִוֵּר
עור;עֹור
עורב;עֹורֵב
עורון;עִוָּרֹון
עורת;עַוֶּרֶת
עושׁ;עושׁ
עות;עות
עותה;עַוָּתָה
עותי;עוּתַי
עז;עֵז
עז;עַז
עז;עֹז
עזא;עֻזָּא
עזאזל;עֲזָאזֵל
עזב;עזב
עזבון;עִזָּבֹון
עזבוק;עַזְבּוּק
עזגד;עַזְגָּד
עזה;עַזָּה
עזה;עֻזָּה
עזובה;עֲזוּבָה
עזוז;עֱזוּז
עזוז;עִזּוּז
עזור;עַזּוּר
עזז;עזז
עזז;עָזָז
עזזיהו;עֲזַזְיָהוּ
עזי;עֻזִּי
עזיא;עֻזִיָּא
עזיאל;עֲזִיאֵל
עזיאל;עֻזִּיאֵל
עזיאלי;עָזִּיאֵלִי
עזיה;עֻזִּיָּה
עזיזא;עֲזִיזָא
עזמות;עַזְמָוֶת
עזן;עַזָּן
עזניה;עָזְנִיָּה
עזק;עזק
עזקה;עֲזֵקָה
עזקה;עִזְקָה
עזר;עזר
עזר;עֵזֶר
עזרא;עֶזְרָא
עזראל;עֲזַרְאֵל
עזרה;עֶזְרָה
עזרי;עֶזְרִי
עזריאל;עַזְרִיאֵל
עזריה;עֲזַרְיָה
עזריקם;עַזְרִיקָם
עזתי;עַזָּתִי
עט;עֵט
עטה;עטה
עטוף;עָטוּף
עטין;עָטִין
עטישׁה;עֲטִישָׁה
עטלף;עֲטַלֵּף
עטף;עטף
עטר;עטר
עטרה;עֲטָרָה
עטרות;עֲטָרֹות
עטרות אדר;עַטְרֹות אַדָּר
עטרות בית יואב;עַטְרֹות בֵּית יֹואָב
עטרת שׁופן;עַטְרֹת שֹׁופָן
עי;עִי
עי;עַי
עיבל;עֵיבָל
עיה;עַיָּה
עיון;עִיֹּון
עיט;עיט
עיט;עַיִט
עיטם;עֵיטָם
עיי העברים;עִיֵּי הָעֲבָרִים
עיים;עִיִּים
עילי;עִילַי
עילם;עֵילָם
עים;עֲיָם
עין;עין
עין;עַיִן
עין גדי;עֵין גֶּדִי
עין גנים;עֵין גַּנִּים
עין דור;עֵין דֹּור
עין הקורא;עֵין הַקֹּורֵא
עין התנין;עֵין הַתַּנִּין
עין חדה;עֵין חַדָּה
עין חצור;עֵין חָצֹור
עין חרד;עֵין חֲרֹד
עין משׁפט;עֵין מִשְׁפָּט
עין עגלים;עֵין עֶגְלַיִם
עין רגל;עֵין רֹגֵל
עין רמון;עֵין רִמֹּון
עין שׁמשׁ;עֵין שֶׁמֶשׁ
עין תפוח;עֵין תַּפּוּחַ
עינים;עֵינַיִם
עינם;עֵינָם
עינן;עֵינָן
עיפה;עֵיפָה
עיפי;עֵיפַי
עיר;עִיר
עיר;עַיִר
עיר המלח;עִיר־הַמֶּלַח
עיר התמרים;עִיר הַתְּמָרִים
עיר שׁמשׁ;עִיר שֶׁמֶשׁ
עירא;עִירָא
עירד;עִירָד
עירו;עִירוּ
עירי;עִירִי
עירם;עִירָם
עירם;עֵירֹם
עישׁ;עַיִשׁ
עכבור;עַכְבֹּור
עכבישׁ;עַכָּבִישׁ
עכבר;עַכְבָּר
עכו;עַכֹּו
עכור;עָכֹור
עכן;עָכָן
עכס;עכס
עכס;עֶכֶס
עכסה;עַכְסָה
עכר;עכר
עכר;עָכָר
עכרן;עָכְרָן
עכשׁוב;עַכְשׁוּב
על;עֹל
עלא;עֻלָּא
עלה;עלה
עלה;עָלֶה
עלוה;עַלְוָה
עלומים;עֲלוּמִים
עלון;עַלְוָן
עלוקה;עֲלוּקָה
עלי;עֱלִי
עלי;עִלָּי
עלי;עֵלִי
עליון;עֶלְיֹון
עליל;עֲלִיל
עלילה;עֲלִילָה
עלין;עַלְיָן
עללות;עֹלֵלֹות
עלם;עָלַם
עלמון;עַלְמֹון
עלמי;עֵלְמָי
עלמן דבלתימה;עַלְמֹן דִּבְלָתָיְמָה
עלמת;עָלֶמֶת
עמד;עמד
עמד;עֹמֶד
עמדה;עֶמְדָּה
עמוד;עַמּוּד
עמון;עַמֹּון
עמוני;עַמֹּונִי
עמוס;עָמֹוס
עמוק;עָמֹוק
עמיאל;עַמִּיאֵל
עמיהוד;עַמִּיהוּד
עמיזבד;עַמִּיזָבָד
עמיחור;עַמִּיחוּר
עמינדב;עַמִּינָדָב
עמיר;עָמִיר
עמישׁדי;עַמִּישַׁדָּי
עמלק;עֲמָלֵק
עמלקי;עֲמָלֵקִי
עמם;עמם
עמנו אל;עִמָּנוּ אֵל
עמסיה;עֲמַסְיָה
עמעד;עַמְעָד
עמק;עָמֵק
עמק עכור;עֵמֶק עָכֹור
עמק קציץ;עֵמֶק קְצִיץ
עמר;עמר
עמר;עֲמַר
עמר;עֹמֶר
עמרה;עֲמֹרָה
עמרי;עָמְרִי
עמרם;עַמְרָם
עמרמי;עַמְרָמִי
עמשׂא;עֲמָשָׂא
עמשׂי;עֲמָשַׂי
עמשׁסי;עֲמַשְׁסַי
ענב;עֲנָב
ענה;ענה
ענה;עֲנֵה
ענה;עֲנָה
ענו;עָנָו
ענו;עֻנֹּו
ענוב;עָנוּב
עני;עֳנִי
עני;עָנִי
עני;עֻנִּי
עניה;עֲנָיָה
ענים;עָנִים
ענם;עָנֵם
ענמים;עֲנָמִים
ענמלך;עֲנַמֶּלֶךְ
ענן;ענן
ענן;עֲנָן
ענן;עָנָן
ענני;עֲנָנִי
ענניה;עֲנָנְיָה
ענק;עֲנָק
ענקים;עֲנָקִים
ענר;עָנֵר
ענת;עֲנָת
ענתות;עֲנָתֹות
ענתתי;עַנְּתֹתִי
ענתתיה;עַנְתֹתִיָּה
עסיס;עָסִיס
עסס;עסס
עפי;עֳפִי
עפל;עפל
עפל;עֹפֶל
עפני;עָפְנִי
עפעפים;עַפְעַפַּיִם
עפר;עפר
עפר;עֵפֶר
עפר;עָפָר
עפר;עֹפֶר
עפרה;עָפְרָה
עפרון;עֶפְרֹון
עפרין;עֶפְרַיִן
עץ;עֵץ
עצב;עצב
עצב;עֶצֶב
עצב;עָצָב
עצב;עֹצֶב
עצבון;עִצָּבֹון
עצבת;עַצֶּבֶת
עצה;עצה
עצום;עָצוּם
עציון גבר;עֶצְיֹון גֶּבֶר
עצלות;עַצְלוּת
עצלתים;עֲצַלְתַּיִם
עצם;עצם
עצם;עֶצֶם
עצם;עֹצֶם
עצמה;עָצְמָה
עצמון;עַצְמֹון
עצמות;עֲצֻמֹות
עצר;עצר
עצר;עֶצֶר
עצר;עֹצֶר
עצרה;עֲצָרָה
עקב;עָקֵב
עקוב;עַקּוּב
עקלתון;עֲקַלָּתֹון
עקן;עֲקָן
עקר;עִקַּר
עקר;עֵקֶר
עקר;עָקָר
עקרב;עַקְרָב
עקרון;עֶקְרֹון
עקרוני;עֶקְרֹונִי
עקשׁ;עקשׁ
עקשׁ;עִקֵּשׁ
עקשׁות;עִקְּשׁוּת
ער;עֵר
ער;עָר
ערב;ערב
ערב;עֲרַב
ערב;עֵרֶב
ערב;עֶרֶב
ערב;עָרֵב
ערב;עָרֹב
ערבה;עֲרֻבָּה
ערבון;עֵרָבֹון
ערבי;עַרְבִי
ערבתי;עַרְבָתִי
ערג;ערג
ערד;עֲרָד
ערה;ערה
ערה;עָרָה
ערוד;עָרֹוד
ערום;עָרוּם
ערום;עָרֹום
ערוער;עֲרֹועֵר
ערי;עֵרִי
עריץ;עָרִיץ
ערירי;עֲרִירִי
ערם;ערם
ערמה;עָרְמָה
ערמון;עֶרְמֹון
ערן;עֵרָן
ערני;עֵרָנִי
ערעור;עַרְעֹור
ערער;עַרְעָר
ערערי;עֲרֹעֵרִי
ערפה;עָרְפָּה
ערץ;ערץ
ערקי;עַרְקִי
ערר;ערר
ערשׂ;עֶרֶשׂ
עשׁ;עָשׁ
עשׂב;עֵשֶׂב
עשׂה;עשׂה
עשׂהאל;עֲשָׂהאֵל
עשׂו;עֵשָׂו
עשׁות;עַשְׁוָת
עשׂיאל;עֲשִׂיאֵל
עשׂיה;עֲשָׂיָה
עשׁן;עשׁן
עשׁק;עֵשֶׁק
עשׂק;עֵשֶׂק
עשׁר;עֹשֶׁר
עשׁשׁ;עשׁשׁ
עשׁת;עשׁת
עשׁת;עֶשֶׁת
עשׁתון;עֶשְׁתֹּון
עשׁתות;עַשְׁתּוּת
עשׁתי;עַשְׁתֵּי
עשׁתרת;עַשְׁתֶּרֶת
עשׁתרת;עַשְׁתָּרֹת
עשׁתרת;עַשְׁתֹּרֶת
עשׁתרת קרנים;עַשְׁתְּרֹת קַרְנַיִם
עשׁתרתי;עַשְׁתְּרָתִי
עת;עֵת
עת קצין;עֵת קָצִין
עתד;עתד
עתה;עַתָּה
עתוד;עַתּוּד
עתי;עִתִּי
עתי;עַתַּי
עתיד;עָתִיד
עתיה;עֲתָיָה
עתיק;עַתִּיק
עתיק;עָתִיק
עתך;עֲתָךְ
עתלי;עַתְלָי
עתליה;עֲתַלְיָה
עתם;עתם
עתני;עָתְנִי
עתניאל;עָתְנִיאֵל
עתק;עתק
עתק;עָתֵק
עתק;עָתָק
עתר;עתר
עתר;עֶתֶר
עתר;עָתָר
עתרת;עֲתֶרֶת
פאה;פאה
פאה;פֵּאָה
פאר;פאר
פאר;פְּאֵר
פארה;פֹּארָה
פארה;פֻּארָה
פארור;פָּארוּר
פארן;פָּארָן
פג;פַּג
פגול;פִּגּוּל
פגע;פגע
פגע;פֶּגַע
פגעיאל;פַּגְעִיאֵל
פגר;פגר
פגר;פֶּגֶר
פדהאל;פְּדַהְאֵל
פדהצור;פְּדָהצוּר
פדון;פָּדֹון
פדיה;פְּדָיָה
פדיהו;פְּדָיָהוּ
פדן;פַּדָּן
פדן ארם;פַּדַּן אֲרָם
פה;פֶּה
פואה;פּוּאָה
פוה;פֻּוָּה
פוט;פּוּט
פוטי פרע;פֹּוטִי פֶרַע
פוטיאל;פּוּטִיאֵל
פוטיפר;פֹּוטִיפַר
פוך;פּוּךְ
פול;פּוּל
פול;פֹּול
פון;פון
פוני;פּוּנִי
פונן;פּוּנֹן
פועה;פּוּעָה
פוק;פוק
פוקה;פּוּקָה
פור;פור
פור;פּוּר
פורה;פּוּרָה
פורתא;פֹּורָתָא
פותי;פּוּתִי
פח;פַּח
פחד;פַּחַד
פחדה;פַּחְדָּה
פחזות;פַּחֲזוּת
פחר;פֶּחָר
פחת מואב;פַּחַת מֹואָב
פטדה;פִּטְדָה
פטישׁ;פַּטִּישׁ
פי בסת;פִּי־בֶסֶת
פי החירת;פִּי הַחִירֹת
פיח;פִּיחַ
פיכל;פִּיכֹל
פילגשׁ;פִּילֶגֶשׁ
פינחס;פִּינְחָס
פינן;פִּינֹן
פיק;פִּיק
פישׁון;פִּישֹׁון
פיתון;פִּיתֹון
פך;פַּךְ
פכרת הצביים;פֹּכֶרֶת הַצְּבָיִים
פלא;פלא
פלאי;פַּלֻּאִי
פלאיה;פְּלָאיָה
פלג;פֶּלֶג
פלגה;פְּלַגָּה
פלגה;פְּלֻגָּה
פלדה;פְּלָדָה
פלדשׁ;פִּלְדָּשׁ
פלוא;פַּלּוּא
פלח;פֶּלַח
פלחא;פִּלְחָא
פלט;פֶּלֶט
פלטי;פִּלְטָי
פלטי;פַּלְטִי
פלטיאל;פַּלְטִיאֵל
פלטיה;פְּלַטְיָה
פלטיהו;פְּלַטְיָהוּ
פליה;פְּלָיָה
פלל;פָּלָל
פלליה;פְּלַלְיָה
פלני;פְּלֹנִי
פלס;פֶּלֶס
פלץ;פלץ
פלשׁת;פְּלֶשֶׁת
פלשׁתי;פְּלִשְׁתִּי
פלת;פֶּלֶת
פלתי;פְּלֵתִי
פנואל;פְּנוּאֵל
פניאל;פְּנִיאֵל
פניים;פְּנִיִּים
פנינים;פְּנִינִים
פננה;פְּנִנָּה
פנק;פנק
פס;פַּס
פס דמים;פַּס דַּמִּים
פסג;פסג
פסגה;פִּסְגָּה
פסה;פִּסָּה
פסח;פָּסֵחַ
פסיל;פָּסִיל
פסך;פָּסַךְ
פסל;פֶּסֶל
פסנתרין;פְּסַנְתֵּרִין
פסס;פסס
פספה;פִּסְפָּה
פעה;פעה
פעו;פָּעוּ
פעור;פְּעֹור
פעי;פָּעִי
פעל;פעל
פעל;פֹּעַל
פעלה;פְּעֻלָּה
פעלתי;פְּעֻלְּתַי
פעם;פַּעַם
פעמון;פַּעֲמֹון
פערי;פַּעֲרַי
פצע;פֶּצַע
פצץ;פִּצֵּץ
פקד;פקד
פקדון;פִּקָּדֹון
פקדת;פְּקִדֻת
פקוד;פְּקֹוד
פקודים;פִּקּוּדִים
פקח;פקח
פקח;פֶּקַח
פקחיה;פְּקַחְיָה
פקיד;פָּקִיד
פקעת;פַּקֻּעֹת
פר;פַּר
פרא;פֶּרֶא
פראם;פִּרְאָם
פרבר;פַּרְבָּר
פרד;פרד
פרד;פֶּרֶד
פרדה;פִּרְדָּה
פרדס;פַּרְדֵּס
פרה;פרה
פרה;פָּרָה
פרה;פֻּרָה
פרודא;פְּרוּדָא
פרוח;פָּרוּחַ
פרוים;פַּרְוָיִם
פרור;פָּרוּר
פרז;פָּרָז
פרזון;פְּרָזֹון
פרזות;פְּרָזֹות
פרזי;פְּרִזִּי
פרזי;פְּרָזִי
פרזל;פַּרְזֶל
פרי;פְּרִי
פרידא;פְּרִידָא
פרכת;פָּרֹכֶת
פרמשׁתא;פַּרְמַשְׁתָּא
פרנך;פַּרְנָךְ
פרס;פְּרֵס
פרס;פֶּרֶס
פרס;פָּרַס
פרסי;פַּרְסִי
פרסי;פַּרְסָי
פרעה;פַּרְעֹה
פרעשׁ;פַּרְעֹשׁ
פרעתון;פִּרְעָתֹון
פרעתוני;פִּרְעָתֹונִי
פרפר;פַּרְפַּר
פרץ;פרץ
פרץ;פֶּרֶץ
פרץ עזה;פֶּרֶץ עֻזָּה
פרצי;פַּרְצִי
פרצים;פְּרָצִים
פרשׁ;פרשׁ
פרשׂ;פרשׂ
פרשׁ;פֶּרֶשׁ
פרשׁ;פָּרָשׁ
פרשׁגן;פַּרְשֶׁגֶן
פרשׁה;פָּרָשָׁה
פרשׁז;פרשׁז
פרשׁנדתא;פַּרְשַׁנְדָּתָא
פרת;פְּרָת
פרתמים;פַּרְתְּמִים
פשׁ;פַּשׁ
פשׂה;פשׂה
פשׁחור;פַּשְׁחוּר
פשׁט;פשׁט
פשׁע;פשׁע
פשׁע;פֶּשַׁע
פשׁת;פֵּשֶׁת
פת;פַּת
פת;פֹּת
פתה;פתה
פתואל;פְּתוּאֵל
פתוח;פִּתּוּחַ
פתור;פְּתֹור
פתות;פְּתֹות
פתח;פתח
פתח;פֵּתַח
פתח;פֶּתַח
פתחון;פִּתָּחֹון
פתחיה;פְּתַחְיָה
פתי;פֶּתִי
פתיות;פְּתַיּוּת
פתיחה;פְּתִיחָה
פתיל;פָּתִיל
פתל;פתל
פתלתל;פְּתַלְתֹּל
פתם;פִּתֹם
פתן;פֶּתֶן
פתע;פֶּתַע
פתר;פתר
פתרון;פִּתָּרֹון
פתרוס;פַּתְרֹוס
פתרסים;פַּתְרֻסִים
פתשׁגן;פַּתְשֶׁגֶן
פתת;פתת
צאה;צֵאָה
צאה;צֹאָה
צאי;צֹאִי
צאלים;צֶאֱלִים
צאן;צֹאן
צאנן;צַאֲנָן
צאצא;צֶאֱצָא
צב;צָב
צבא;צבא
צבא;צָבָא
צבאה;צְבָאָה
צבאים;צְבֹאיִם
צבה;צבה
צבה;צָבֶה
צבוע;צָבוּעַ
צבי;צְבִי
צביא;צִבְיָא
צביה;צְבִיָּה
צביה;צִבְיָה
צבע;צֶבַע
צבעון;צִבְעֹון
צבעים;צְבֹעִים
צבר;צבר
צבר;צִבֻּר
צבת;צֶבֶת
צד;צַד
צדד;צְדָד
צדה;צדה
צדוק;צָדֹוק
צדיה;צְדִיָּה
צדים;צִדִּים
צדיק;צַדִּיק
צדק;צדק
צדק;צֶדֶק
צדקה;צְדָקָה
צדקיה;צִדְקִיָּה
צהב;צהב
צהב;צָהֹב
צהל;צהל
צהר;צהר
צהר;צֹהַר
צהרים;צָהֳרַיִם
צו;צַו
צואר;צַוַּאר
צואר;צַוָּאר
צובא;צֹובָא
צוד;צוד
צוח;צוח
צוחה;צְוָחָה
צולה;צוּלָה
צום;צום
צום;צֹום
צוער;צוּעָר
צוף;צוף
צוף;צוּף
צופח;צֹופַח
צופי;צֹופַי
צופר;צֹופַר
צוץ;צוץ
צוק;צוק
צוק;צֹוק
צוקה;צוּקָה
צור;צור
צור;צוּר
צורה;צוּרָה
צורון;צַוָּרֹון
צוריאל;צוּרִיאֵל
צורישׁדי;צוּרִישַׁדָּי
צות;צות
צח;צַח
צחה;צִחֶה
צחח;צחח
צחיח;צָחִיחַ
צחיחה;צְחִיחָה
צחנה;צַחֲנָה
צחצחות;צַחְצָחֹות
צחק;צחק
צחק;צְחֹק
צחר;צַחַר
צחר;צָחֹר
צחר;צֹחַר
צי;צִי
ציבא;צִיבָא
ציד;ציד
ציד;צַיִד
ציד;צַיָּד
צידה;צֵידָה
צידון;צִידֹון
צידני;צִידֹנִי
ציה;צִיָּה
ציון;צִיּוּן
ציון;צִיֹּון
ציון;צָיֹון
ציחא;צִיחָא
צינק;צִינֹק
ציער;צִיעֹר
ציץ;צִיץ
ציצה;צִיצָה
ציצת;צִיצִת
ציר;צִיר
צלה;צלה
צלה;צִלָּה
צלח;צלח
צלחית;צְלֹחִית
צלחת;צַלַּחַת
צלי;צָלִי
צלם;צֶלֶם
צלמון;צַלְמֹון
צלמות;צַלְמָוֶת
צלמנה;צַלְמֹנָה
צלמנע;צַלְמֻנָּע
צלע;צֵלַע
צלע;צֵלָע
צלף;צָלָף
צלפחד;צְלָפְחָד
צלצח;צֶלְצַח
צלצל;צְלָצַל
צלצל;צִלְצָל
צלצלים;צֶלְצְלִים
צלק;צֶלֶק
צלתי;צִלְּתַי
צמא;צמא
צמא;צָמֵא
צמא;צָמָא
צמאה;צִמְאָה
צמאון;צִמָּאֹון
צמד;צמד
צמד;צֶמֶד
צמה;צַמָּה
צמוקים;צִמּוּקִים
צמח;צמח
צמח;צֶמַח
צמיד;צָמִיד
צמים;צַמִּים
צמר;צֶמֶר
צמרי;צְמָרִי
צמרים;צְמָרַיִם
צמת;צמת
צן;צִן
צן;צֵן
צנה;צִנָּה
צנה;צֹנֶה
צנוע;צָנוּעַ
צנור;צִנֹּור
צנח;צנח
צנינים;צְנִינִים
צניף;צָנִיף
צניפה;צְנִיפָה
צנם;צָנֻם
צנן;צְנָן
צנע;צנע
צנף;צנף
צנפה;צְנֵפָה
צנתרות;צַנְתְּרֹות
צעד;צעד
צעד;צַעַד
צעיר;צָעִיר
צעירה;צְעִירָה
צען;צען
צען;צֹעַן
צעננים;צַעֲנַנִּים
צעצעים;צַעֲצֻעִים
צער;צער
צער;צֹעַר
צפה;צפה
צפה;צָפָה
צפו;צְפֹו
צפוי;צִפּוּי
צפון;צְפֹון
צפון;צָפֹון
צפוני;צְפֹונִי
צפור;צִפֹּור
צפחת;צַפַּחַת
צפי;צְפִי
צפיה;צִפִּיָּה
צפיון;צִפְיֹון
צפיחת;צַפִּיחִת
צפיע;צָפִיעַ
צפיעה;צְפִיעָה
צפיר;צְפִיר
צפיר;צָפִיר
צפירה;צְפִירָה
צפית;צָפִית
צפן;צפן
צפניה;צְפַנְיָה
צפנת פענח;צָֽפְנַת פַּעְנֵחַ
צפע;צֶפַע
צפף;צפף
צפצפה;צַפְצָפָה
צפר;צפר
צפרדע;צְפַרְדֵּעַ
צפרה;צִפֹּרָה
צפרן;צִפֹּרֶן
צפת;צְפַת
צפת;צֶפֶת
צפתה;צְפַתָה
צקלג;צִקְלַג
צקלון;צִקְלֹון
צר;צֵר
צר;צַר
צר;צֹר
צרב;צרב
צרב;צָרָב
צרבת;צָרֶבֶת
צרדה;צְרֵדָה
צרה;צָרָה
צרויה;צְרוּיָה
צרועה;צְרוּעָה
צרור;צְרֹור
צרח;צרח
צרי;צְרִי
צרי;צֳרִי
צרי;צֹרִי
צריח;צְרִיחַ
צרך;צֹרֶךְ
צרע;צרע
צרעה;צִרְעָה
צרעה;צָרְעָה
צרעי;צָרְעִי
צרעת;צָרַעַת
צרעתי;צָרְעָתִי
צרף;צרף
צרפי;צֹרְפִי
צרפת;צָרְפַת
צרר;צרר
צררה;צְרֵרָה
צרת;צֶרֶת
צרת השׁחר;צֶרֶת הַשַּׁחַר
צרתן;צָרְתָן
קא;קֵא
קאת;קָאָת
קב;קַב
קבב;קבב
קבה;קֵבָה
קבה;קֻבָּה
קבוץ;קִבּוּץ
קבורה;קְבוּרָה
קבל;קבל
קבל;קְבֹל
קבע;קבע
קבעת;קֻבַּעַת
קבץ;קבץ
קבצאל;קַבְצְאֵל
קבצה;קְבֻצָה
קבצים;קִבְצַיִם
קבר;קבר
קבר;קֶבֶר
קברות התאוה;קִבְרֹות הַתַּאֲוָה
קד;קֵד
קדד;קדד
קדה;קִדָּה
קדומים;קְדוּמִים
קדושׁ;קָדֹושׁ
קדח;קדח
קדחת;קַדַּחַת
קדם;קדם
קדמה;קִדְמָה
קדמה;קֵדְמָה
קדמון;קַדְמֹון
קדמות;קְדֵמֹות
קדמיאל;קַדְמִיאֵל
קדמני;קַדְמֹנִי
קדקד;קָדְקֹד
קדר;קדר
קדר;קֵדָר
קדרון;קִדְרֹון
קדרות;קַדְרוּת
קדשׁ;קדשׁ
קדשׁ;קֶדֶשׁ
קדשׁ;קָדֵשׁ
קדשׁ;קֹדֶשׁ
קדשׁ ברנע;קָדֵשׁ בַּרְנֵעַ
קהה;קהה
קהלת;קֹהֶלֶת
קהלתה;קְהֵלָתָה
קהת;קְהָת
קהתי;קְהָתִי
קו;קַו
קובע;קֹובַע
קוה;קוה
קוה;קְוֵה
קוה;קָוֶה
קוט;קוט
קוליה;קֹולָיָה
קומה;קֹומָה
קוממיות;קֹומְמִיּוּת
קוע;קֹועַ
קוף;קֹוף
קוץ;קוץ
קוץ;קֹוץ
קוצות;קְוֻצֹּות
קור;קור
קור;קוּר
קורה;קֹורָה
קושׁ;קושׁ
קושׁיהו;קוּשָׁיָהוּ
קט;קָט
קטב;קֶטֶב
קטורה;קְטוּרָה
קטורה;קְטֹורָה
קטל;קטל
קטל;קֶטֶל
קטן;קטן
קטן;קָטָן
קטן;קָטֹן
קטן;קֹטֶן
קטף;קטף
קטר;קטר
קטר;קִטֵּר
קטרון;קִטְרֹון
קטרות;קְטֻרֹות
קטרת;קְטֹרֶת
קטת;קַטָּת
קיא;קיא
קיא;קִיא
קיטור;קִיטֹור
קים;קְיָם
קים;קִים
קימה;קִימָה
קין;קין
קין;קַיִן
קינה;קִינָה
קיני;קֵינִי
קינן;קֵינָן
קיץ;קיץ
קיץ;קַיִץ
קיצון;קִיצֹון
קיקיון;קִיקָיֹון
קיקלון;קִיקָלֹון
קיר;קִיר
קיר חרשׂ;קִיר־חֶרֶשׂ
קיר חרשׂת;קִיר חֲרֶשֶׂת
קיר מואב;קִיר־מֹואָב
קירס;קֵירֹס
קישׁ;קִישׁ
קישׁון;קִישֹׁון
קישׁי;קִישִׁי
קל;קַל
קל;קָל
קל;קֹל
קלה;קלה
קלה;קלהּ
קלון;קָלֹון
קלחת;קַלַּחַת
קלט;קלט
קלי;קַלָּי
קלי;קָלִי
קליה;קֵלָיָה
קליטא;קְלִיטָא
קלל;קלל
קלל;קָלָל
קללה;קְלָלָה
קלס;קלס
קלס;קֶלֶס
קלסה;קַלָּסָה
קלע;קלע
קלע;קֶלַע
קלע;קַלָּע
קלקל;קְלֹקֵל
קלשׁון;קִלְּשֹׁון
קמה;קָמָה
קמואל;קְמוּאֵל
קמון;קָמֹון
קמושׂ;קִמֹּושׂ
קמח;קֶמַח
קמט;קמט
קמל;קמל
קמץ;קמץ
קמץ;קֹמֶץ
קן;קֵן
קנא;קנא
קנא;קַנָּא
קנאה;קִנְאָה
קנה;קנה
קנה;קָנֶה
קנה;קָנָה
קנוא;קַנֹּוא
קנז;קְנַז
קנזי;קְנִזִּי
קנין;קִנְיָן
קנמון;קִנָּמֹון
קנן;קנן
קנץ;קֶנֶץ
קנת;קְנָת
קסם;קסם
קסם;קֶסֶם
קסס;קסס
קסת;קֶסֶת
קעילה;קְעִילָה
קעקע;קַעֲקַע
קערה;קְעָרָה
קפא;קפא
קפאון;קִפָּאֹון
קפד;קפד
קפד;קִפֹּד
קפדה;קְפָדָה
קפוז;קִפֹּוז
קפץ;קפץ
קץ;קֵץ
קצב;קצב
קצב;קֶצֶב
קצה;קצה
קצור;קָצוּר
קצח;קֶצַח
קצין;קָצִין
קציעה;קְצִיעָה
קצע;קצע
קצף;קצף
קצף;קְצַף
קצף;קֶצֶף
קצפה;קְצָפָה
קצץ;קצץ
קר;קַר
קר;קֹר
קרא;קרא
קרא;קֹרֵא
קרב;קרב
קרב;קְרָב
קרדם;קַרְדֹּם
קרה;קָרֶה
קרה;קָרָה
קרח;קרח
קרח;קֵרֵחַ
קרח;קֶרַח
קרח;קָרֵחַ
קרח;קֹרַח
קרחה;קָרְחָה
קרחי;קָרְחִי
קרחת;קָרַחַת
קרי;קֶרִי
קריא;קָרִיא
קריאה;קְרִיאָה
קריה;קִרְיָה
קריות;קְרִיֹּות
קרית ארבע;קִרְיַת אַרְבַּע
קרית בעל;קִרְיַת־בַּעַל
קרית חצות;קִרְיַת חֻצֹות
קרית יערים;קִרְיַת יְעָרִים
קרית סנה;קִרְיַת סַנָּה
קרית ספר;קִרְיַת־סֵפֶר
קריתים;קִרְיָתַיִם
קרם;קרם
קרן;קרן
קרן;קֶרֶן
קרן הפוך;קֶרֶן הַפּוּךְ
קרנים;קַרְנַיִם
קרס;קרס
קרס;קֶרֶס
קרסל;קַרְסֹל
קרע;קרע
קרעים;קְרָעִים
קרץ;קרץ
קרץ;קְרַץ
קרץ;קֶרֶץ
קרקע;קַרְקַע
קרקר;קַרְקֹר
קרר;קרר
קרשׁ;קֶרֶשׁ
קרת;קֶרֶת
קרתה;קַרְתָּה
קרתן;קַרְתָּן
קשׁ;קַשׁ
קשׁאה;קִשֻּׁאָה
קשׁב;קשׁב
קשׁב;קֶשֶׁב
קשׁב;קַשָּׁב
קשׁב;קַשֻּׁב
קשׁה;קשׁה
קשׁה;קָשֶׁה
קשׂוה;קַשְׂוָה
קשׁח;קשׁח
קשׁט;קְשֹׁט
קשׁט;קֹשְׁטְ
קשׁט;קֹשֶׁט
קשׁי;קְשִׁי
קשׁיון;קִשְׁיֹון
קשׂיטה;קְשִׂיטָה
קשׂקשׂת;קַשְׂקֶשֶׂת
קשׁר;קשׁר
קשׁר;קֶשֶׁר
קשׁרים;קִשֻּׁרִים
קשׁשׁ;קשׁשׁ
קשׁת;קֶשֶׁת
קשׁת;קַשָּׁת
קתרוס;קַתְרוֹס
ראה;ראה
ראה;רָאָה
ראה;רֹאֶה
ראובן;רְאוּבֵן
ראובני;רְאוּבֵנִי
ראומה;רְאוּמָה
ראות;רְאוּת
ראי;רְאִי
ראי;רֳאִי
ראיה;רְאָיָה
ראם;ראם
ראם;רְאֵם
ראמות;רָאמֹות
ראשׁ;רֹאשׁ
ראשׁה;רִאשָׁה
ראשׁה;רֹאשָׁה
ראשׁון;רִאשֹׁון
ראשׁוני;רִאשֹׁונִי
ראשׁית;רֵאשִׁית
רב;רַב
רבב;רבב
רבבה;רְבָבָה
רבד;רבד
רבה;רַבָּה
רבו;רִבֹּו
רביבים;רְבִיבִים
רביד;רָבִיד
רביעי;רְבִיעִי
רבית;רַבִּית
רבך;רבך
רבלה;רִבְלָה
רבע;רבע
רבע;רִבֵּעַ
רבע;רֶבַע
רבע;רֹבַע
רבץ;רבץ
רבץ;רֵבֶץ
רבקה;רִבְקָה
רגב;רֶגֶב
רגז;רגז
רגז;רַגָּז
רגז;רֹגֶז
רגזה;רָגְזָה
רגל;רגל
רגל;רְגַל
רגל;רֶגֶל
רגלי;רַגְלִי
רגלים;רֹגְלִים
רגם;רגם
רגם;רֶגֶם
רגם מלך;רֶגֶם מֶלֶךְ
רגמה;רִגְמָה
רגן;רגן
רגע;רגע
רגע;רֶגַע
רגע;רָגֵעַ
רגשׁ;רגשׁ
רגשׁ;רֶגֶשׁ
רגשׁה;רִגְשָׁה
רדד;רדד
רדה;רדה
רדי;רַדַּי
רדיד;רְדִיד
רדם;רדם
רדף;רדף
רהגה;רָהְגָּה
רהט;רַהַט
רהיט;רָהִיט
רוד;רוד
רודנים;רֹודָנִים
רוח;רוּחַ
רום;רום
רומה;רוּמָה
רומם;רֹומָם
רוץ;רוץ
רושׁ;רושׁ
רות;רוּת
רזון;רְזֹון
רזן;רזן
רחב;רחב
רחב;רָחָב
רחבות;רְחֹבֹות
רחביה;רְחַבְיָה
רחביהו;רְחַבְיָהוּ
רחבעם;רְחַבְעָם
רחבת עיר;רְחֹבֹת עִיר
רחוב;רְחֹוב
רחום;רְחוּם
רחום;רַחוּם
רחים;רֵחַיִם
רחל;רָחֵל
רחם;רחם
רחם;רֶחֶם
רחם;רַחַם
רחם;רָחָם
רחמה;רַחֲמָה
רחמים;רַחֲמִים
רחמין;רַחֲמִין
רחמני;רַחֲמָנִי
רחץ;רחץ
רחץ;רַחַץ
רחצה;רַחְצָה
רחק;רחק
רחת;רַחַת
ריב;ריב
ריב;רִיב
ריבי;רִיבַי
ריח;רֵיחַ
ריפת;רִיפַת
ריק;רִיק
רישׁ;רֵישׁ
רך;רַךְ
רך;רֹךְ
רכב;רכב
רכב;רֵכָב
רכב;רֶכֶב
רכב;רַכָּב
רכבה;רִכְבָּה
רכבי;רֵכָבִי
רכה;רֵכָה
רכוב;רְכוּב
רכך;רכך
רכל;רָכָל
רכלה;רְכֻלָּה
רכשׁ;רֶכֶשׁ
רם;רָם
רמה;רמה
רמה;רִמָּה
רמה;רָמָה
רמון;רִמֹּון
רמון פרץ;רִמֹּון פֶּרֶץ
רמונו;רִמֹּונֹו
רמות;רָמוּת
רמח;רֹמַח
רמיה;רְמִיָּה
רמיה;רַמְיָה
רמליהו;רְמַלְיָהוּ
רממתי עזר;רֹמַמְתִּי עֶזֶר
רמס;רמס
רמשׂ;רֶמֶשׂ
רמת;רֶמֶת
רמת לחי;רָמַת לְחִי
רמתי;רָמָתִי
רמתים צופים;רָמָתַיִם צֹופִים
רננים;רְנָנִים
רסה;רִסָּה
רסיס;רָסִיס
רסן;רֶסֶן
רסס;רסס
רע;רֵעַ
רע;רַע
רע;רֹעַ
רעב;רעב
רעב;רָעֵב
רעב;רָעָב
רעבון;רְעָבֹון
רעד;רעד
רעד;רַעַד
רעדה;רְעָדָה
רעה;רעה
רעה;רֵעֶה
רעה;רֵעָה
רעה;רָעָה
רעו;רְעוּ
רעואל;רְעוּאֵל
רעות;רְעוּת
רעי;רְעִי
רעי;רֵעִי
רעיה;רַעְיָה
רעלה;רְעָלָה
רעליה;רְעֵלָיָה
רעמיה;רַעַמְיָה
רעמסס;רַעְמְסֵס
רעע;רעע
רפא;רפא
רפא;רָפָא
רפאות;רִפְאוּת
רפאל;רְפָאֵל
רפה;רָפָה
רפוא;רָפוּא
רפואה;רְפוּאָה
רפח;רֶפַח
רפידים;רְפִידִים
רפיה;רְפָיָה
רפיון;רִפְיֹון
רפשׂ;רפשׂ
רפשׁ;רֶפֶשׁ
רפת;רֶפֶת
רצח;רצח
רצח;רֶצַח
רציא;רִצְיָא
רצין;רְצִין
רצע;רצע
רצפה;רִצְפָה
רצפה;רִצְפָּה
רקד;רקד
רקון;רַקֹּון
רקח;רקח
רקח;רִקֻּחַ
רקח;רֶקַח
רקח;רַקָּח
רקח;רֹקַח
רקיע;רָקִיעַ
רקיק;רָקִיק
רקם;רקם
רקם;רֶקֶם
רקמה;רִקְמָה
רקע;רקע
רקע;רִקֻּעַ
רקק;רקק
רקת;רַקַּת
רשׁיון;רִשְׁיֹון
רשׁם;רשׁם
רשׁע;רשׁע
רשׁף;רֶשֶׁף
רשׁשׁ;רשׁשׁ
רשׁת;רֶשֶׁת
רתוק;רַתֹּוק
רתח;רתח
רתח;רֶתַח
רתם;רתם
רתם;רֹתֶם
רתמה;רִתְמָה
רתק;רתק
רתקה;רְתֻקָה
רתת;רְתֵת
שׂאר;שְׂאֹר
שׂאת;שְׂאֵת
שׂב;שָׂב
שׂבכא;שַׂבְּכָא
שׂבכה;שְׂבָכָה
שׂבם;שְׂבָם
שׂבמה;שִׂבְמָה
שׂבע;שׂבע
שׂבע;שָׂבֵעַ
שׂבע;שָׂבָע
שׂבע;שֹׂבַע
שׂבעה;שִׂבְעָה
שׂבעה;שָׂבְעָה
שׂבר;שׂבר
שׂבר;שֵׂבֶר
שׂגא;שׂגא
שׂגג;שׂגג
שׂגה;שׂגה
שׂגוב;שְׂגוּב
שׂגיא;שַׂגִּיא
שׂגיב;שְׂגִיב
שׂדד;שׂדד
שׂדה;שָׂדֶה
שׂדה צפים;שְׂדֵה צֹפִים
שׂדים;שִׂדִּים
שׂדרה;שְׂדֵרָה
שׂה;שֶׂה
שׂהד;שָׂהֵד
שׂהדו;שָׂהֲדוּ
שׂהרנים;שַׂהֲרֹנִים
שׂובך;שֹׂובֶךְ
שׂוח;שׂוח
שׂוט;שׂוט
שׂוכה;שֹׂוכֹה
שׂוכתי;שׂוּכָתִי
שׂחה;שׂחה
שׂחו;שָׂחוּ
שׂחוק;שְׂחֹוק
שׂחט;שׂחט
שׂחיף;שָׂחִיף
שׂחק;שׂחק
שׂט;שֵׂט
שׂטה;שׂטה
שׂטם;שׂטם
שׂטן;שָׂטָן
שׂטנה;שִׂטְנָה
שׂיאון;שִׂיאֹון
שׂיד;שׂיד
שׂיד;שִׂיד
שׂיח;שׂיח
שׂים;שׂים
שׂך;שֵׂךְ
שׂך;שֹׂךְ
שׂכה;שֻׂכָּה
שׂכו;שֵׂכוּ
שׂכוי;שֶׂכְוִי
שׂכיה;שְׂכִיָּה
שׂכיה;שָֽׂכְיָה
שׂכין;שַׂכִּין
שׂכיר;שָׂכִיר
שׂכל;שׂכל
שׂכר;שׂכר
שׂכר;שֶׂכֶר
שׂכר;שָׂכָר
שׂלו;שְׂלָו
שׂלמא;שַׂלְמָא
שׂלמה;שַׂלְמָה
שׂלמון;שַׂלְמֹון
שׂלמי;שַׂלְמַי
שׂמאל;שׂמאל
שׂמאל;שְׂמֹאל
שׂמאלי;שְׂמָאלִי
שׂמח;שׂמח
שׂמח;שָׂמֵחַ
שׂמחה;שִׂמְחָה
שׂמיכה;שְׂמִיכָה
שׂמלה;שִׂמְלָה
שׂמלה;שַׂמְלָה
שׂממית;שְׂמָמִית
שׂנא;שׂנא
שׂנאה;שִׂנְאָה
שׂניא;שָׂנִיא
שׂניר;שְׂנִיר
שׂעיר;שֵׂעִיר
שׂעיר;שָׂעִיר
שׂעירה;שְׂעִירָה
שׂעפים;שְׂעִפִּים
שׂער;שֵׂעָר
שׂערה;שְׂעָרָה
שׂערה;שְׂעֹרָה
שׂערה;שַׂעֲרָה
שׂערים;שְׂעֹרִים
שׂפם;שָׂפָם
שׂפמות;שִׂפְמֹות
שׂפן;שׂפן
שׂפק;שׂפק
שׂפק;שֵׂפֶק
שׂק;שַׂק
שׂקר;שׂקר
שׂר;שַׂר
שׂר סכים;שַׂר־סְכִים
שׂראצר;שַׂרְאֶצֶר
שׂרג;שׂרג
שׂרד;שׂרד
שׂרד;שֶׂרֶד
שׂרה;שָׂרָה
שׂרוג;שְׂרוּג
שׂרח;שֶׂרַח
שׂרי;שָׂרַי
שׂריג;שָׂרִיג
שׂריד;שָׂרִיד
שׂריה;שְׂרָיָה
שׂריהו;שְׂרָיָהוּ
שׂרין;שִׂרְיֹן
שׂרעפים;שַׂרְעַפִּים
שׂרף;שָׂרָף
שׂרר;שׂרר
שׁאב;שׁאב
שׁאג;שׁאג
שׁאגה;שְׁאָגָה
שׁאה;שׁאה
שׁאול;שְׁאֹול
שׁאול;שָׁאוּל
שׁאולי;שָׁאוּלִי
שׁאון;שָׁאֹון
שׁאיה;שְׁאִיָּה
שׁאל;שְׁאָל
שׁאלה;שְׁאֵלָה
שׁאלתיאל;שְׁאַלְתִּיאֵל
שׁאן;שׁאן
שׁאנן;שַׁאֲנָן
שׁאף;שׁאף
שׁאר;שְׁאֵר
שׁאר ישׁוב;שְׁאָר יָשׁוּב
שׁארה;שֶׁאֱרָה
שׁארה;שַׁאֲרָה
שׁאת;שֵׁאת
שׁבא;שְׁבָא
שׁבאים;שְׁבָאִים
שׁבבים;שְׁבָבִים
שׁבה;שׁבה
שׁבו;שְׁבֹו
שׁבואל;שְׁבוּאֵל
שׁבוע;שָׁבוּעַ
שׁבועה;שְׁבוּעָה
שׁבור;שָׁבוּר
שׁבות;שְׁבוּת
שׁבח;שׁבח
שׁבט;שְׁבַט
שׁבט;שְׁבָט
שׁבט;שֵׁבֶט
שׁבי;שְׁבִי
שׁבי;שָׁבִי
שׁבי;שֹׁבִי
שׁבי;שֹׁבַי
שׁביב;שְׁבִיב
שׁביב;שָׁבִיב
שׁביה;שִׁבְיָה
שׁביל;שְׁבִיל
שׁביס;שָׁבִיס
שׁביעי;שְׁבִיעִי
שׁבית;שְׁבִית
שׁבל;שֹׁבֶל
שׁבלול;שַׁבְּלוּל
שׁבנא;שֶׁבְנָא
שׁבניה;שְׁבַנְיָה
שׁבניהו;שְׁבַנְיָהוּ
שׁבע;שׁבע
שׁבע;שְׁבַע
שׁבע;שֶׁבַע
שׁבענה;שִׁבְעָנָה
שׁבץ;שׁבץ
שׁברים;שְׁבָרִים
שׁבשׁ;שׁבשׁ
שׁבת;שׁבת
שׁבת;שַׁבָּת
שׁבתי;שַׁבְּתַי
שׁגג;שׁגג
שׁגגה;שְׁגָגָה
שׁגה;שׁגה
שׁגה;שָׁגֵה
שׁגח;שׁגח
שׁגיאה;שְׁגִיאָה
שׁגל;שׁגל
שׁגל;שֵׁגַל
שׁגע;שׁגע
שׁגעון;שִׁגָּעֹון
שׁגר;שֶׁגֶר
שׁד;שֵׁד
שׁד;שַׁד
שׁד;שֹׁד
שׁדד;שׁדד
שׁדה;שִׁדָּה
שׁדי;שַׁדַּי
שׁדיאור;שְׁדֵיאוּר
שׁדמה;שְׁדֵמָה
שׁדף;שׁדף
שׁדפה;שְׁדֵפָה
שׁדפון;שִׁדָּפֹון
שׁדר;שׁדר
שׁדרך;שַׁדְרַךְ
שׁהם;שֹׁהַם
שׁוא;שְׁוָא
שׁוא;שָׁוְא
שׁוא;שֹׁוא
שׁואה;שֹׁואָה
שׁוב;שׁוב
שׁובאל;שׁוּבָאֵל
שׁובב;שֹׁובֵב
שׁובב;שֹׁובָב
שׁובה;שׁוּבָה
שׁובך;שֹׁובַךְ
שׁובל;שֹׁובָל
שׁובק;שֹׁובֵק
שׁוה;שָׁוֶה
שׁוח;שׁוח
שׁוח;שׁוּחַ
שׁוחה;שׁוּחָה
שׁוחי;שׁוּחִי
שׁוחם;שׁוּחָם
שׁוחמי;שׁוּחָמִי
שׁוט;שׁוט
שׁוט;שֹׁוט
שׁוטר;שֹׁוטֵר
שׁול;שׁוּל
שׁולמית;שׁוּלַמִּית
שׁומים;שׁוּמִים
שׁומר;שֹׁומֵר
שׁוני;שׁוּנִי
שׁונם;שׁוּנֵם
שׁונמית;שׁוּנַמִּית
שׁוע;שׁוע
שׁוע;שׁוּעַ
שׁוע;שֶׁוַע
שׁוע;שֹׁועַ
שׁועא;שׁוּעָא
שׁועה;שַׁוְעָה
שׁועל;שׁוּעָל
שׁוער;שֹׁועֵר
שׁוף;שׁוף
שׁופך;שֹׁופַךְ
שׁופמי;שׁוּפָמִי
שׁופר;שֹׁופָר
שׁוק;שֹׁוק
שׁור;שׁור
שׁור;שׁוּר
שׁורה;שׁוּרָה
שׁורר;שֹׁורֵר
שׁושׁא;שַׁוְשָׁא
שׁושׁן;שׁוּשַׁן
שׁותלח;שׁוּתֶלַח
שׁזף;שׁזף
שׁזר;שׁזר
שׁחד;שֹׁחַד
שׁחה;שׁחה
שׁחור;שְׁחֹור
שׁחין;שְׁחִין
שׁחל;שַׁחַל
שׁחלת;שְׁחֵלֶת
שׁחף;שַׁחַף
שׁחפת;שַׁחֶפֶת
שׁחצים;שַׁחֲצַיִם
שׁחריה;שְׁחַרְיָה
שׁחרים;שַׁחֲרַיִם
שׁטה;שִׁטָּה
שׁטים;שִׁטִּים
שׁיא;שֵׁיָא
שׁיאן;שִׁיאֹן
שׁיזא;שִׁיזָא
שׁיחור;שִׁיחֹור
שׁיחור לבנת;שִׁיחֹור לִבְנָת
שׁילה;שִׁילֹה
שׁילני;שִׁילֹנִי
שׁימון;שִׁימֹון
שׁין;שׁין
שׁין;שַׁיִן
שׁיר;שׁיר
שׁישׁא;שִׁישָׁא
שׁישׁק;שִׁישַׁק
שׁית;שׁית
שׁית;שַׁיִת
שׁכב;שׁכב
שׁכבה;שִׁכְבָּה
שׁכבת;שְׁכֹבֶת
שׁכה;שׁכה
שׁכול;שְׁכֹול
שׁכול;שַׁכּוּל
שׁכול;שָׁכוּל
שׁכור;שִׁכֹּור
שׁכך;שׁכך
שׁכם;שְׁכֶם
שׁכם;שֶׁכֶם
שׁכמי;שִׁכְמִי
שׁכניה;שְׁכַנְיָה
שׁכניהו;שְׁכַנְיָהוּ
שׁכר;שׁכר
שׁכר;שֵׁכָר
שׁכר;שָׁכֻר
שׁכרון;שִׁכָּרֹון
שׁלג;שׁלג
שׁלג;שֶׁלֶג
שׁלה;שֵׁלָה
שׁלום;שַׁלּוּם
שׁלון;שַׁלּוּן
שׁלח;שׁלח
שׁלח;שִׁלֹּחַ
שׁלח;שֶׁלַח
שׁלחי;שִׁלְחִי
שׁלחים;שִׁלְחִים
שׁלחן;שֻׁלְחָן
שׁלט;שֶׁלֶט
שׁלישׁי;שְׁלִישִׁי
שׁלך;שָׁלָךְ
שׁלמה;שְׁלֹמֹה
שׁלמות;שְׁלֹמֹות
שׁלמי;שְׁלֹמִי
שׁלמי;שִׁלֵּמִי
שׁלמי;שַׁלְמַי
שׁלמיאל;שְׁלֻמִיאֵל
שׁלמיה;שֶׁלֶמְיָה
שׁלמיהו;שֶׁלֶמְיָהוּ
שׁלמית;שְׁלֹמִית
שׁלמן;שַׁלְמַן
שׁלמנאסר;שַׁלְמַנְאֶסֶר
שׁלני;שֵׁלָנִי
שׁלף;שֶׁלֶף
שׁלשׁ;שֵׁלֶשׁ
שׁלשׁ;שָׁלֹשׁ
שׁלשׁה;שִׁלְשָׁה
שׁלשׁה;שָׁלִשָׁה
שׁלשׁים;שִׁלֵּשִׁים
שׁם;שֵׁם
שׁמא;שַׁמָּא
שׁמאבר;שֶׁמְאֵבֶר
שׁמאה;שִׁמְאָה
שׁמאם;שִׁמְאָם
שׁמגר;שַׁמְגַּר
שׁמד;שׁמד
שׁמד;שֶׁמֶד
שׁמהות;שַׁמְהוּת
שׁמואל;שְׁמוּאֵל
שׁמוע;שַׁמּוּעַ
שׁמור;שָׁמוּר
שׁמות;שַׁמֹּות
שׁמט;שׁמט
שׁמטה;שְׁמִטָּה
שׁמי;שַׁמַּי
שׁמידע;שְׁמִידָע
שׁמידעי;שְׁמִידָעִי
שׁמים;שָׁמַיִם
שׁמין;שְׁמַיִן
שׁמיר;שָׁמִיר
שׁמירמות;שְׁמִירָמֹות
שׁמלי;שַׁמְלַי
שׁממה;שִׁמְמָה
שׁמן;שׁמן
שׁמן;שֶׁמֶן
שׁמנה;שְׁמֹנֶה
שׁמע;שְׁמַע
שׁמע;שֶׁמַע
שׁמע;שָׁמָע
שׁמעא;שִׁמְעָא
שׁמעה;שְׁמָעָה
שׁמעה;שִׁמְעָה
שׁמעון;שִׁמְעֹון
שׁמעי;שִׁמְעִי
שׁמעיה;שְׁמַעְיָה
שׁמעיהו;שְׁמַעְיָהוּ
שׁמעני;שִׁמְעֹנִי
שׁמעת;שִׁמְעָת
שׁמעתי;שִׁמְעָתִי
שׁמץ;שֵׁמֶץ
שׁמצה;שִׁמְצָה
שׁמר;שׁמר
שׁמר;שֶׁמֶר
שׁמרה;שְׁמֻרָה
שׁמרון;שִׁמְרֹון
שׁמרון;שֹׁמְרֹון
שׁמרון מראון;שִׁמְרֹון מְראֹון
שׁמרי;שִׁמְרִי
שׁמריה;שְׁמַרְיָה
שׁמריהו;שְׁמַרְיָהוּ
שׁמרית;שִׁמְרִית
שׁמרני;שִׁמְרֹנִי
שׁמרני;שֹׁמְרֹנִי
שׁמרת;שִׁמְרָת
שׁמשׁ;שְׁמַשׁ
שׁמשׁון;שִׁמְשֹׁון
שׁמשׁי;שִׁמְשַׁי
שׁמשׁרי;שַׁמְשְׁרַי
שׁמתי;שֻׁמָתִי
שׁן;שֵׁן
שׁנא;שֵׁנָא
שׁנאב;שִׁנְאָב
שׁנאצר;שֶׁנְאַצַּר
שׁנה;שֵׁנָה
שׁני;שֵׁנִי
שׁנים;שְׁנַיִם
שׁנער;שִׁנְעָר
שׁעלבים;שַׁעַלְבִים
שׁעלבני;שַׁעַלְבֹנִי
שׁעלים;שַׁעֲלִים
שׁעף;שַׁעַף
שׁער הגיא;שַׁעַר הַגַּיְא
שׁער הישׁן;שַׁעַר הַיָשָׁן
שׁערור;שַׁעֲרוּר
שׁערורי;שַׁעֲרוּרִי
שׁעריה;שְׁעַרְיָה
שׁערים;שַׁעֲרַיִם
שׁעשׁגז;שַׁעֲשְׁגַּז
שׁפו;שְׁפֹו
שׁפוט;שְׁפֹוט
שׁפופם;שְׁפוּפָם
שׁפופן;שְׁפוּפָן
שׁפות;שְׁפֹות
שׁפט;שֶׁפֶט
שׁפט;שָׁפָט
שׁפטיה;שְׁפַטְיָה
שׁפטיהו;שְׁפַטְיָהוּ
שׁפטן;שִׁפְטָן
שׁפיפן;שְׁפִיפֹן
שׁפיר;שָׁפִיר
שׁפך;שׁפך
שׁפלה;שְׁפֵלָה
שׁפם;שְׁפָם
שׁפם;שָׁפָם
שׁפם;שֻׁפִּם
שׁפמי;שִׁפְמִי
שׁפן;שָׁפָן
שׁפעי;שִׁפְעִי
שׁפרה;שִׁפְרָה
שׁפתים;שְׁפַתַּיִם
שׁקד;שָׁקֵד
שׁקוץ;שִׁקּוּץ
שׁקט;שׁקט
שׁקט;שֶׁקֶט
שׁקמה;שִׁקְמָה
שׁקץ;שׁקץ
שׁקץ;שֶׁקֶץ
שׁקק;שׁקק
שׁקר;שׁקר
שׁקר;שֶׁקֶר
שׁקת;שֹׁקֶת
שׁר;שֵׁר
שׁר;שֹׁר
שׁרב;שָׁרָב
שׁרביה;שֵׁרֵבְיָה
שׁרביט;שַׁרְבִיט
שׁרוחן;שָׁרוּחֶן
שׁרון;שָׁרֹון
שׁרוני;שָׁרֹונִי
שׁרטי;שִׁרְטַי
שׁרי;שָׁרָי
שׁריה;שִׁרְיָה
שׁריון;שִׁרְיֹון
שׁרר;שָׁרָר
שׁרשׁ;שְׁרשׁ
שׁרשׁ;שֶׁרֶשׁ
שׁרשׁ;שֹׁרֶשׁ
שׁרשׁי;שְׁרשִׁי
שׁרשׁרת;שַׁרְשֶׁרֶת
שׁשׁ;שֵׁשׁ
שׁשׁבצר;שֵׁשְׁבַּצַּר
שׁשׁה;שׁשׁה
שׁשׁי;שִׁשִּׁי
שׁשׁי;שֵׁשַׁי
שׁשׁי;שָׁשַׁי
שׁשׁך;שֵׁשַׁךְ
שׁשׁן;שֵׁשָׁן
שׁשׁק;שָׁשָׁק
שׁת;שֵׁת
שׁתי;שְׁתִי
שׁתל;שׁתל
שׁתלחי;שֻׁתַלְחִי
שׁתק;שׁתק
שׁתר;שֵׁתָר
תא;תָּא
תאב;תאב
תאבה;תַּאֲבָה
תאה;תאה
תאו;תְּאֹו
תאוה;תַּאֲוָה
תאלה;תַּאֲלָה
תאם;תאם
תאנה;תְּאֵנָה
תאנה;תַּאֲנָה
תאנה;תֹּאֲנָה
תאניה;תַּאֲנִיָּה
תאנים;תְּאֻנִים
תאנת שׁלה;תַּאֲנַת שִׁלֹה
תאר;תאר
תאר;תֹּאַר
תארע;תַּאְרֵעַ
תאשׁור;תְּאַשּׁוּר
תבה;תֵּבָה
תבונה;תְּבוּנָה
תבוסה;תְּבוּסָה
תבור;תָּבֹור
תבל;תֵּבֵל
תבל;תֻּבַל
תבן;תֶּבֶן
תבני;תִּבְנִי
תבערה;תַּבְעֵרָה
תבץ;תֵּבֵץ
תגלת פלאסר;תִּגְלַת פִּלְאֶסֶר
תגמול;תַּגְמוּל
תגרה;תִּגְרָה
תדהר;תִּדְהָר
תדמר;תַּדְמֹר
תדעל;תִּדְעָל
תהו;תֹּהוּ
תהום;תְּהֹום
תהלה;תְּהִלָּה
תואמם;תֹּואֲמִם
תובל קין;תּוּבַל קַיִן
תוגרמה;תֹּוגַרְמָה
תודה;תֹּודָה
תוה;תוה
תוח;תֹּוחַ
תוחלת;תֹּוחֶלֶת
תוכחה;תֹּוכֵחָה
תוכחת;תֹּוכַחַת
תולד;תֹּולַד
תולדות;תֹּולֵדֹות
תולון;תֹּולֹון
תולל;תֹּולָל
תולע;תֹּולָע
תולעה;תֹּולֵעָה
תולעי;תֹּולָעִי
תועבה;תֹּועֵבָה
תוצאות;תֹּוצָאֹות
תוקעים;תֹּוקְעִים
תור;תור
תור;תֹּור
תורה;תֹּורָה
תותח;תֹּותָח
תחו;תֹּחוּ
תחכמני;תַּחְכְּמֹנִי
תחלאים;תַּחֲלֻאִים
תחמס;תַּחְמָס
תחן;תַּחַן
תחנה;תְּחִנָּה
תחנון;תַּחֲנוּן
תחני;תַּחֲנִי
תחנתי;תַּחֲנֹתִי
תחפנחס;תַּחְפַּנְחֵס
תחפניס;תַּחְפְּנֵיס
תחרא;תַּחְרָא
תחרע;תַּחְרֵעַ
תחשׁ;תַּחַשׁ
תחתים חדשׁי;תַּחְתִּים חָדְשִׁי
תילון;תִּילֹון
תימא;תֵּימָא
תימן;תֵּימָן
תימני;תֵּימְנִי
תימני;תֵּימָנִי
תימרה;תִּימָרָה
תיצי;תִּיצִי
תירושׁ;תִּירֹושׁ
תיריא;תִּירְיָא
תירס;תִּירָס
תישׁ;תַּיִשׁ
תכי;תֻּכִּי
תכלת;תְּכֵלֶת
תל אביב;תֵּל אָבִיב
תל חרשׁא;תֵּל חַרְשָׁא
תל מלח;תֵּל מֶלַח
תלאשׂר;תְּלַאשָּׂר
תלבשׁת;תִּלְבֹּשֶׁת
תלג;תְּלַג
תלול;תָּלוּל
תלח;תֶּלַח
תלי;תְּלִי
תלל;תלל
תלם;תֶּלֶם
תלמי;תַּלְמַי
תלמיד;תַּלְמִיד
תלנות;תְּלֻנֹּות
תמוז;תַּמּוּז
תמול;תְּמֹול
תמח;תֶּמַח
תמים;תֻּמִּים
תמנה;תִּמְנָה
תמני;תִּמְנִי
תמנע;תִּמְנָע
תמנת חרס;תִּמְנַת־חֶרֶס
תמנת סרח;תִּמְנַת־סֶרַח
תמר;תָּמָר
תמר;תֹּמֶר
תמרוק;תַּמְרוּק
תן;תַּן
תנואה;תְּנוּאָה
תנומה;תְּנוּמָה
תנחמת;תַּנְחֻמֶת
תנין;תַּנִּין
תנשׁמת;תִּנְשֶׁמֶת
תעו;תֹּעוּ
תעי;תֹּעִי
תענך;תַּעְנַךְ
תעצמות;תַּעֲצֻמֹות
תער;תַּעַר
תערובה;תַּעֲרוּבָה
תף;תֹּף
תפוח;תַּפּוּחַ
תפל;תפל
תפל;תָּפֵל
תפל;תֹּפֶל
תפלה;תְּפִלָּה
תפלה;תִּפְלָה
תפסח;תִּפְסַח
תפר;תפר
תקהת;תָּקְהַת
תקוה;תִּקְוָה
תקוע;תְּקֹועַ
תקוע;תָּקֹועַ
תקועי;תְּקֹועִי
תקופה;תְּקוּפָה
תקיף;תַּקִּיף
תקן;תקן
תקע;תקע
תקע;תֵּקַע
תקף;תֹּקֶף
תראלה;תַּרְאֲלָה
תרבית;תַּרְבִּית
תרדמה;תַּרְדֵּמָה
תרהקה;תִּרְהָקָה
תרועה;תְּרוּעָה
תרזה;תִּרְזָה
תרח;תֶּרַח
תרחנה;תִּרְחֲנָה
תרמה;תָּרְמָה
תרמות;תַּרְמוּת
תרן;תֹּרֶן
תרע;תָּרָע
תרעתים;תִּרְעָתִים
תרפים;תְּרָפִים
תרצה;תִּרְצָה
תרשׁ;תֶּרֶשׁ
תרשׁישׁ;תַּרְשִׁישׁ
תרשׁתא;תִּרְשָׁתָא
תרתן;תַּרְתָּן
תרתק;תַּרְתָּק
תשׁאה;תְּשֻׁאָה
תשׁבי;תִּשְׁבִּי
תשׁבץ;תַּשְׁבֵּץ
תשׂומת;תְּשׂוּמֶת
תשׁועה;תְּשׁוּעָה
תשׁוקה;תְּשׁוּקָה
תשׁורה;תְּשׁוּרָה
תשׁיעי;תְּשִׁיעִי
תשׁע;תֵּשַׁע
תתני;תַּתְּנַי